{"timeframes": {"rsi_1_timeframe": 30, "rsi_2_timeframe": 97, "rsi_3_timeframe": 22, "sma_1_timeframe_1": 3, "sma_2_timeframe_1": 79, "sma_3_timeframe_1": 66, "sma_1_timeframe_2": 36, "sma_2_timeframe_2": 92, "sma_3_timeframe_2": 74, "ema_1_timeframe_1": 48, "ema_2_timeframe_1": 16, "ema_3_timeframe_1": 41, "ema_1_timeframe_2": 77, "ema_2_timeframe_2": 73, "ema_3_timeframe_2": 32, "lwma_1_timeframe": 41, "lwma_2_timeframe": 17, "lwma_3_timeframe": 47, "volatility_timeframe": 31}, "rsi_standard_upper_thresholds": {"rsi_1_standard_upper_threshold": 52, "rsi_2_standard_upper_threshold": 81, "rsi_3_standard_upper_threshold": 74}, "rsi_standard_lower_thresholds": {"rsi_1_standard_lower_threshold": 30, "rsi_2_standard_lower_threshold": 20, "rsi_3_standard_lower_threshold": 44}, "smoothing_factors": {"rsi_1_spline_smoothing_factor": 0.21582275577494936, "rsi_2_spline_smoothing_factor": 2.1641253371605353, "rsi_3_spline_smoothing_factor": 1.171225795139212, "sma_1_spline_smoothing_factor": 0, "sma_2_spline_smoothing_factor": 1.8383837316239202, "sma_3_spline_smoothing_factor": 2.1184304584071083, "ema_1_spline_smoothing_factor": 1.1990652217991888, "ema_2_spline_smoothing_factor": 0.8613014898892524, "ema_3_spline_smoothing_factor": 1.2891181580039046, "lwma_1_spline_smoothing_factor": 1.9295177254810802, "lwma_2_spline_smoothing_factor": 1.0316372618333276, "lwma_3_spline_smoothing_factor": 1.3494689583126531, "oc_avg_gradient_spline_smoothing_factor": 0.009283945881619772, "volume_spline_smoothing_factor": 1.7809657047138507, "volatility_spline_smoothing_factor": 0.8834301190697997}, "amplification_factor": {"volume_amplification_factor": 2.268143053574801, "volatility_amplification_factor": 2.8069903428493674}, "weights": {"rsi_1_spline_weight": 8.343613454775722, "rsi_2_spline_weight": 1.738226578257644, "rsi_3_spline_weight": 7.080390839326251, "sma_1_spline_weight": 9.820710773798897, "sma_2_spline_weight": 1.8051531067742486, "sma_3_spline_weight": 6.076197301952248, "ema_1_spline_weight": 2.5414225508369586, "ema_2_spline_weight": 0.5975854965194813, "ema_3_spline_weight": 0.40630011719692344, "lwma_1_spline_weight": 3.8857211378987095, "lwma_2_spline_weight": 0.9474334390038384, "lwma_3_spline_weight": 0, "oc_avg_gradient_spline_weight": 8.372504345452107}, "lwma_max_weights": {"lwma_1_max_weight": 19.567729122644913, "lwma_2_max_weight": 57.100769177185846, "lwma_3_max_weight": 24.80683875389607}, "major_spline_standard_upper_thresholds": {"major_spline_standard_upper_threshold": 0.3497121209881684}, "major_spline_standard_lower_thresholds": {"major_spline_standard_lower_threshold": -0.39013546392494186}}