{"timeframes": {"rsi_1_timeframe": 13, "rsi_2_timeframe": 19, "rsi_3_timeframe": 42, "sma_1_timeframe_1": 51, "sma_2_timeframe_1": 27, "sma_3_timeframe_1": 95, "sma_1_timeframe_2": 48, "sma_2_timeframe_2": 73, "sma_3_timeframe_2": 47, "ema_1_timeframe_1": 21, "ema_2_timeframe_1": 91, "ema_3_timeframe_1": 78, "ema_1_timeframe_2": 41, "ema_2_timeframe_2": 96, "ema_3_timeframe_2": 35, "lwma_1_timeframe": 47, "lwma_2_timeframe": 57, "lwma_3_timeframe": 22, "volatility_timeframe": 22}, "rsi_standard_upper_thresholds": {"rsi_1_standard_upper_threshold": 70, "rsi_2_standard_upper_threshold": 85, "rsi_3_standard_upper_threshold": 61}, "rsi_standard_lower_thresholds": {"rsi_1_standard_lower_threshold": 14, "rsi_2_standard_lower_threshold": 47, "rsi_3_standard_lower_threshold": 13}, "smoothing_factors": {"rsi_1_spline_smoothing_factor": 1.1998398082418655, "rsi_2_spline_smoothing_factor": 0.6754896854827923, "rsi_3_spline_smoothing_factor": 0.8217572710356428, "sma_1_spline_smoothing_factor": 1.8411756495086287, "sma_2_spline_smoothing_factor": 0.2404869866885167, "sma_3_spline_smoothing_factor": 0.25096812339565105, "ema_1_spline_smoothing_factor": 1.1815936134521197, "ema_2_spline_smoothing_factor": 0.5105236501001945, "ema_3_spline_smoothing_factor": 1.2571708885422963, "lwma_1_spline_smoothing_factor": 1.536968612578461, "lwma_2_spline_smoothing_factor": 1.7271047515117086, "lwma_3_spline_smoothing_factor": 1.2283418662249241, "oc_avg_gradient_spline_smoothing_factor": 1.8624132969628004, "volume_spline_smoothing_factor": 0.27335363358128123, "volatility_spline_smoothing_factor": 1.3744369871063362}, "amplification_factor": {"volume_amplification_factor": 1.7402689377026102, "volatility_amplification_factor": 1.6541220464239255}, "weights": {"rsi_1_spline_weight": 9.694367672288813, "rsi_2_spline_weight": 0.8535522603248097, "rsi_3_spline_weight": 8.949997838936403, "sma_1_spline_weight": 6.592862540342242, "sma_2_spline_weight": 5.934477080712636, "sma_3_spline_weight": 9.001275388101842, "ema_1_spline_weight": 1.783319896224885, "ema_2_spline_weight": 1.3599000206021994, "ema_3_spline_weight": 2.5576142698301383, "lwma_1_spline_weight": 1.0390882865210633, "lwma_2_spline_weight": 2.033586922332644, "lwma_3_spline_weight": 1.847671450631592, "oc_avg_gradient_spline_weight": 0}, "lwma_max_weights": {"lwma_1_max_weight": 35.764161574281786, "lwma_2_max_weight": 54.34739667240158, "lwma_3_max_weight": 12.222696771604024}, "major_spline_standard_upper_thresholds": {"major_spline_standard_upper_threshold": 0.3201105375722177}, "major_spline_standard_lower_thresholds": {"major_spline_standard_lower_threshold": -0.5446498345854565}}