{"timeframes": {"rsi_1_timeframe": 52, "rsi_2_timeframe": 65, "rsi_3_timeframe": 45, "sma_1_timeframe_1": 70, "sma_2_timeframe_1": 60, "sma_3_timeframe_1": 94, "sma_1_timeframe_2": 5, "sma_2_timeframe_2": 42, "sma_3_timeframe_2": 88, "ema_1_timeframe_1": 80, "ema_2_timeframe_1": 69, "ema_3_timeframe_1": 62, "ema_1_timeframe_2": 44, "ema_2_timeframe_2": 87, "ema_3_timeframe_2": 57, "lwma_1_timeframe": 93, "lwma_2_timeframe": 52, "lwma_3_timeframe": 50, "volatility_timeframe": 44}, "rsi_standard_upper_thresholds": {"rsi_1_standard_upper_threshold": 89, "rsi_2_standard_upper_threshold": 78, "rsi_3_standard_upper_threshold": 61}, "rsi_standard_lower_thresholds": {"rsi_1_standard_lower_threshold": 44, "rsi_2_standard_lower_threshold": 25, "rsi_3_standard_lower_threshold": 21}, "smoothing_factors": {"rsi_1_spline_smoothing_factor": 0.257105227714921, "rsi_2_spline_smoothing_factor": 0.9147890142457459, "rsi_3_spline_smoothing_factor": 1.015247610704763, "sma_1_spline_smoothing_factor": 0.15512774782609728, "sma_2_spline_smoothing_factor": 0.44024598532714154, "sma_3_spline_smoothing_factor": 1.425267624444786, "ema_1_spline_smoothing_factor": 0.5749094138767732, "ema_2_spline_smoothing_factor": 0.7832229164910745, "ema_3_spline_smoothing_factor": 0.05518076421637373, "lwma_1_spline_smoothing_factor": 1.7357801715104513, "lwma_2_spline_smoothing_factor": 1.8221200926988284, "lwma_3_spline_smoothing_factor": 1.4328531192343548, "oc_avg_gradient_spline_smoothing_factor": 1.0356952007053204, "volume_spline_smoothing_factor": 0.7261659317969499, "volatility_spline_smoothing_factor": 0.9919343253650409}, "amplification_factor": {"volume_amplification_factor": 1.8494656286770894, "volatility_amplification_factor": 1.509463426780502}, "weights": {"rsi_1_spline_weight": 6.515947206268711, "rsi_2_spline_weight": 1.8484853048745367, "rsi_3_spline_weight": 1.4843425188229444, "sma_1_spline_weight": 4.576051768989871, "sma_2_spline_weight": 3.792997259676693, "sma_3_spline_weight": 6.4243141348092, "ema_1_spline_weight": 6.138810221631545, "ema_2_spline_weight": 8.455601377200077, "ema_3_spline_weight": 2.5167844595104727, "lwma_1_spline_weight": 5.3252055497152515, "lwma_2_spline_weight": 4.395126052692392, "lwma_3_spline_weight": 0.17796158210910892, "oc_avg_gradient_spline_weight": 1.7373379155755653}, "lwma_max_weights": {"lwma_1_max_weight": 64.44830980538397, "lwma_2_max_weight": 14.514947321026327, "lwma_3_max_weight": 7.753921802799489}, "major_spline_standard_upper_thresholds": {"major_spline_standard_upper_threshold": 0.372059582557616}, "major_spline_standard_lower_thresholds": {"major_spline_standard_lower_threshold": -0.3598420502220567}}