{"timeframes": {"rsi_1_timeframe": 85, "rsi_2_timeframe": 53, "rsi_3_timeframe": 60, "sma_1_timeframe_1": 50, "sma_2_timeframe_1": 97, "sma_3_timeframe_1": 85, "sma_1_timeframe_2": 17, "sma_2_timeframe_2": 23, "sma_3_timeframe_2": 75, "ema_1_timeframe_1": 57, "ema_2_timeframe_1": 35, "ema_3_timeframe_1": 68, "ema_1_timeframe_2": 57, "ema_2_timeframe_2": 76, "ema_3_timeframe_2": 38, "lwma_1_timeframe": 5, "lwma_2_timeframe": 51, "lwma_3_timeframe": 78, "volatility_timeframe": 68}, "rsi_standard_upper_thresholds": {"rsi_1_standard_upper_threshold": 53, "rsi_2_standard_upper_threshold": 90, "rsi_3_standard_upper_threshold": 84}, "rsi_standard_lower_thresholds": {"rsi_1_standard_lower_threshold": 31, "rsi_2_standard_lower_threshold": 12, "rsi_3_standard_lower_threshold": 16}, "smoothing_factors": {"rsi_1_spline_smoothing_factor": 1.1828833631292983, "rsi_2_spline_smoothing_factor": 1.0092540907633567, "rsi_3_spline_smoothing_factor": 1.3202375370264963, "sma_1_spline_smoothing_factor": 1.290898931853669, "sma_2_spline_smoothing_factor": 0.9078400239773126, "sma_3_spline_smoothing_factor": 1.2406108328186751, "ema_1_spline_smoothing_factor": 0.3990038288418247, "ema_2_spline_smoothing_factor": 1.5420142428312793, "ema_3_spline_smoothing_factor": 0.41320311880323346, "lwma_1_spline_smoothing_factor": 1.1567551215482985, "lwma_2_spline_smoothing_factor": 0.5733302447386313, "lwma_3_spline_smoothing_factor": 1.840665772272235, "oc_avg_gradient_spline_smoothing_factor": 1.1102987924080507, "volume_spline_smoothing_factor": 1.8082617651326212, "volatility_spline_smoothing_factor": 1.5716905934430039}, "amplification_factor": {"volume_amplification_factor": 1.5481751744829477, "volatility_amplification_factor": 2.7824134901606663}, "weights": {"rsi_1_spline_weight": 0.6619141786692417, "rsi_2_spline_weight": 5.958758021012899, "rsi_3_spline_weight": 1.1521404118141632, "sma_1_spline_weight": 6.310187067437796, "sma_2_spline_weight": 4.673469475720528, "sma_3_spline_weight": 9.802515904047572, "ema_1_spline_weight": 1.378559545083171, "ema_2_spline_weight": 3.821285652541473, "ema_3_spline_weight": 8.558624742036676, "lwma_1_spline_weight": 1.3711143113641793, "lwma_2_spline_weight": 3.821285652541473, "lwma_3_spline_weight": 8.558624742036676, "oc_avg_gradient_spline_weight": 6.670268215216924}, "lwma_max_weights": {"lwma_1_max_weight": 32.949236731201296, "lwma_2_max_weight": 58, "lwma_3_max_weight": 36}, "major_spline_standard_upper_thresholds": {"major_spline_standard_upper_threshold": 0.5692861162118005}, "major_spline_standard_lower_thresholds": {"major_spline_standard_lower_threshold": -0.3118262521973325}}