{"timeframes": {"rsi_1_timeframe": 13, "rsi_2_timeframe": 51, "rsi_3_timeframe": 18, "sma_1_timeframe_1": 34, "sma_2_timeframe_1": 40, "sma_3_timeframe_1": 60, "sma_1_timeframe_2": 93, "sma_2_timeframe_2": 52, "sma_3_timeframe_2": 13, "ema_1_timeframe_1": 88, "ema_2_timeframe_1": 28, "ema_3_timeframe_1": 24, "ema_1_timeframe_2": 8, "ema_2_timeframe_2": 91, "ema_3_timeframe_2": 35, "lwma_1_timeframe": 82, "lwma_2_timeframe": 74, "lwma_3_timeframe": 73, "volatility_timeframe": 95}, "rsi_standard_upper_thresholds": {"rsi_1_standard_upper_threshold": 79, "rsi_2_standard_upper_threshold": 70, "rsi_3_standard_upper_threshold": 57}, "rsi_standard_lower_thresholds": {"rsi_1_standard_lower_threshold": 28, "rsi_2_standard_lower_threshold": 10, "rsi_3_standard_lower_threshold": 32}, "smoothing_factors": {"rsi_1_spline_smoothing_factor": 0.6985939564814454, "rsi_2_spline_smoothing_factor": 0.6761214238532656, "rsi_3_spline_smoothing_factor": 0.7511221218558874, "sma_1_spline_smoothing_factor": 1.9264131086573832, "sma_2_spline_smoothing_factor": 0, "sma_3_spline_smoothing_factor": 0.531627157499853, "ema_1_spline_smoothing_factor": 0.657390352522865, "ema_2_spline_smoothing_factor": 1.6813054900154862, "ema_3_spline_smoothing_factor": 1.941474707284167, "lwma_1_spline_smoothing_factor": 1.4519446961756457, "lwma_2_spline_smoothing_factor": 1.2522218117358923, "lwma_3_spline_smoothing_factor": 0.7546549528357502, "oc_avg_gradient_spline_smoothing_factor": 0.9402373809897797, "volume_spline_smoothing_factor": 1.6593619185439843, "volatility_spline_smoothing_factor": 0.47827486530795316}, "amplification_factor": {"volume_amplification_factor": 1.2264388289755903, "volatility_amplification_factor": 2.3847064252060823}, "weights": {"rsi_1_spline_weight": 1.6991429624535839, "rsi_2_spline_weight": 9.126343742857967, "rsi_3_spline_weight": 7.877044751504666, "sma_1_spline_weight": 7.7594624954673055, "sma_2_spline_weight": 3.067723839840779, "sma_3_spline_weight": 8.46316196383402, "ema_1_spline_weight": 3.1101961970852745, "ema_2_spline_weight": 8.72560908818222, "ema_3_spline_weight": 0.3560576145909944, "lwma_1_spline_weight": 3.1101961970852745, "lwma_2_spline_weight": 8.72560908818222, "lwma_3_spline_weight": 0.35962193151906996, "oc_avg_gradient_spline_weight": 6.712921173352463}, "lwma_max_weights": {"lwma_1_max_weight": 83, "lwma_2_max_weight": 80.23856772472097, "lwma_3_max_weight": 64.95835108421001}, "major_spline_standard_upper_thresholds": {"major_spline_standard_upper_threshold": 0.48617142554459636}, "major_spline_standard_lower_thresholds": {"major_spline_standard_lower_threshold": -0.4740061494881998}}