{"timeframes": {"rsi_1_timeframe": 70, "rsi_2_timeframe": 43, "rsi_3_timeframe": 15, "sma_1_timeframe_1": 71, "sma_2_timeframe_1": 89, "sma_3_timeframe_1": 3, "sma_1_timeframe_2": 89, "sma_2_timeframe_2": 85, "sma_3_timeframe_2": 6, "ema_1_timeframe_1": 96, "ema_2_timeframe_1": 33, "ema_3_timeframe_1": 60, "ema_1_timeframe_2": 34, "ema_2_timeframe_2": 96, "ema_3_timeframe_2": 24, "lwma_1_timeframe": 88, "lwma_2_timeframe": 98, "lwma_3_timeframe": 86, "volatility_timeframe": 75}, "rsi_standard_upper_thresholds": {"rsi_1_standard_upper_threshold": 82, "rsi_2_standard_upper_threshold": 71, "rsi_3_standard_upper_threshold": 68}, "rsi_standard_lower_thresholds": {"rsi_1_standard_lower_threshold": 32, "rsi_2_standard_lower_threshold": 17, "rsi_3_standard_lower_threshold": 39}, "smoothing_factors": {"rsi_1_spline_smoothing_factor": 1.3009509255452354, "rsi_2_spline_smoothing_factor": 1.296796585927835, "rsi_3_spline_smoothing_factor": 0.6686640827044661, "sma_1_spline_smoothing_factor": 0.41815333289755596, "sma_2_spline_smoothing_factor": 1.969119631544816, "sma_3_spline_smoothing_factor": 1.2882520359539766, "ema_1_spline_smoothing_factor": 0.16409361015621596, "ema_2_spline_smoothing_factor": 1.851205401188777, "ema_3_spline_smoothing_factor": 0.8536166239561453, "lwma_1_spline_smoothing_factor": 1.0301340871719658, "lwma_2_spline_smoothing_factor": 1.4154038368361739, "lwma_3_spline_smoothing_factor": 0.051448162306320794, "oc_avg_gradient_spline_smoothing_factor": 1.3220458365198793, "volume_spline_smoothing_factor": 1.0962640525342209, "volatility_spline_smoothing_factor": 0}, "amplification_factor": {"volume_amplification_factor": 1.212466607961058, "volatility_amplification_factor": 1.152447707193938}, "weights": {"rsi_1_spline_weight": 0.8377436355768444, "rsi_2_spline_weight": 2.4637535628275598, "rsi_3_spline_weight": 2.482551536086196, "sma_1_spline_weight": 7.471102424397589, "sma_2_spline_weight": 1.1898325461860397, "sma_3_spline_weight": 4.6685589465157715, "ema_1_spline_weight": 9.984060847600169, "ema_2_spline_weight": 5.033744922734864, "ema_3_spline_weight": 7.724472462410624, "lwma_1_spline_weight": 9.945441260533697, "lwma_2_spline_weight": 5.106444254468859, "lwma_3_spline_weight": 7.743166456380078, "oc_avg_gradient_spline_weight": 9.255228004258065}, "lwma_max_weights": {"lwma_1_max_weight": 76.92375262812506, "lwma_2_max_weight": 34.7194381268357, "lwma_3_max_weight": 46.58918539296949}, "major_spline_standard_upper_thresholds": {"major_spline_standard_upper_threshold": 0.3792864513693309}, "major_spline_standard_lower_thresholds": {"major_spline_standard_lower_threshold": -0.5617257096944636}}