{"timeframes": {"rsi_1_timeframe": 34, "rsi_2_timeframe": 85, "rsi_3_timeframe": 10, "sma_1_timeframe_1": 13, "sma_2_timeframe_1": 71, "sma_3_timeframe_1": 56, "sma_1_timeframe_2": 59, "sma_2_timeframe_2": 99, "sma_3_timeframe_2": 17, "ema_1_timeframe_1": 11, "ema_2_timeframe_1": 31, "ema_3_timeframe_1": 88, "ema_1_timeframe_2": 9, "ema_2_timeframe_2": 15, "ema_3_timeframe_2": 3, "lwma_1_timeframe": 8, "lwma_2_timeframe": 92, "lwma_3_timeframe": 5, "volatility_timeframe": 25}, "rsi_standard_upper_thresholds": {"rsi_1_standard_upper_threshold": 51, "rsi_2_standard_upper_threshold": 86, "rsi_3_standard_upper_threshold": 63}, "rsi_standard_lower_thresholds": {"rsi_1_standard_lower_threshold": 30, "rsi_2_standard_lower_threshold": 17, "rsi_3_standard_lower_threshold": 20}, "smoothing_factors": {"rsi_1_spline_smoothing_factor": 1.826011842797528, "rsi_2_spline_smoothing_factor": 0.12477097336798375, "rsi_3_spline_smoothing_factor": 0.5286311150705217, "sma_1_spline_smoothing_factor": 0.9264729865444148, "sma_2_spline_smoothing_factor": 1.4268084986144163, "sma_3_spline_smoothing_factor": 0.7857775067382329, "ema_1_spline_smoothing_factor": 0.4997826210484842, "ema_2_spline_smoothing_factor": 1.148679755905996, "ema_3_spline_smoothing_factor": 0.3239023297149279, "lwma_1_spline_smoothing_factor": 0.5538510431452536, "lwma_2_spline_smoothing_factor": 0.3477576867048139, "lwma_3_spline_smoothing_factor": 0.2918535815095281, "oc_avg_gradient_spline_smoothing_factor": 1.120683763004742, "volume_spline_smoothing_factor": 0.16914663798797894, "volatility_spline_smoothing_factor": 1.3175636169599911}, "amplification_factor": {"volume_amplification_factor": 0.8458502015479488, "volatility_amplification_factor": 0.46639574259611616}, "weights": {"rsi_1_spline_weight": 9.316906169159864, "rsi_2_spline_weight": 4.868464555321831, "rsi_3_spline_weight": 5.029375026507232, "sma_1_spline_weight": 6.4165900162460545, "sma_2_spline_weight": 8.013758011182453, "sma_3_spline_weight": 0.729310093923777, "ema_1_spline_weight": 1.3447371298464952, "ema_2_spline_weight": 9.133820601279316, "ema_3_spline_weight": 2.46335516286983, "lwma_1_spline_weight": 1.8994166731408126, "lwma_2_spline_weight": 8.970646676852022, "lwma_3_spline_weight": 4.894425953959097, "oc_avg_gradient_spline_weight": 2.4723176287668758}, "lwma_max_weights": {"lwma_1_max_weight": 91.43926828395796, "lwma_2_max_weight": 116.4335061184655, "lwma_3_max_weight": 39.39072013578005}, "major_spline_standard_upper_thresholds": {"major_spline_standard_upper_threshold": 0.39221437490040356}, "major_spline_standard_lower_thresholds": {"major_spline_standard_lower_threshold": -0.411748511404195}}