{"indicators_count": {"rsi": 2, "sma": 2, "ema": 4, "lwma": 0, "cci": 3, "eom": 2, "oc_gradient": 1}, "spline_property": {"weights": {"rsi_0": 1.4075327735683714, "rsi_1": 3.5617217119103506, "sma_0": 3.806159373979799, "sma_1": 1.292562213537185, "ema_0": 0.3663824971081947, "ema_1": 2.1241495869559825, "ema_2": 3.277629361943679, "ema_3": 8.156780911113648, "cci_0": 4.563245239049497, "cci_1": 8.512402510227094, "cci_2": 0.5243127353824955, "eom_0": 6.613894292193215, "eom_1": 9.656634848164586, "oc_gradient_0": 3.893434645625805}, "smoothing_factors": {"rsi_0": 0.1013870656983551, "rsi_1": 0, "sma_0": 1.2424031124146866, "sma_1": 1.350723155936237, "ema_0": 0.29665203929682504, "ema_1": 1.5801697158286705, "ema_2": 0.07919190448992619, "ema_3": 0.09820845880569196, "cci_0": 1.8018606484570292, "cci_1": 0.1880217751173312, "cci_2": 0.746562814623805, "eom_0": 0.5116901201081622, "eom_1": 1.4456183942046037, "oc_gradient_0": 1.4631307635347839, "volume_0": 0, "volatility_0": 0.27746280358636954}, "amplification_factor": {"volume_0": 1.9162130764809286, "volatility_0": 0.771564325763562}, "flip": {"rsi_0": true, "rsi_1": true, "sma_0": true, "sma_1": false, "ema_0": true, "ema_1": true, "ema_2": true, "ema_3": true, "cci_0": false, "cci_1": true, "cci_2": false, "eom_0": false, "eom_1": true, "oc_gradient_0": false, "volume_0": false, "volatility_0": false}, "major_spline_standard_upper_thresholds": 0.5387187862983854, "major_spline_standard_lower_thresholds": -0.4985087672228193}, "indicator_properties": {"timeframes": {"rsi_0": 35, "rsi_1": 247, "sma_0_1": 66, "sma_0_2": 178, "sma_1_1": 95, "sma_1_2": 175, "ema_0_1": 84, "ema_0_2": 216, "ema_1_1": 59, "ema_1_2": 246, "ema_2_1": 42, "ema_2_2": 195, "ema_3_1": 65, "ema_3_2": 200, "cci_0": 21, "cci_1": 187, "cci_2": 68, "eom_0": 213, "eom_1": 238, "volatility_0": 29, "threshold_timeframe": 19}, "rsi_standard_upper_thresholds": {"rsi_0": 57, "rsi_1": 78}, "rsi_standard_lower_thresholds": {"rsi_0": 13, "rsi_1": 48}}, "general_settings": {"spline_interpolation_factor": 4, "threshold_setting": 2, "buffer_setting": 1, "include_triggers_in_bb_signal": {"rsi": true, "sma": false, "ema": false, "cci": false, "eom": false, "oc_gradient": false}, "rsi_buffer_setting": 0}}