{"indicators_count": {"rsi": 2, "sma": 2, "ema": 4, "lwma": 0, "cci": 3, "eom": 2, "oc_gradient": 1}, "spline_property": {"weights": {"rsi_0": 5.051025749544831, "rsi_1": 4.110556768405916, "sma_0": 6.485672573137112, "sma_1": 8.996954245558964, "ema_0": 6.687178614240694, "ema_1": 6.889515010549708, "ema_2": 7.693694042754976, "ema_3": 9.651607768282618, "cci_0": 1.2125414056253436, "cci_1": 5.466739303502667, "cci_2": 8.170916352877509, "eom_0": 2.636480715799661, "eom_1": 5.716915493128105, "oc_gradient_0": 6.986622570440014}, "smoothing_factors": {"rsi_0": 2.4172077011688238, "rsi_1": 0.5986682632852316, "sma_0": 0.5367335613029202, "sma_1": 0.1729689758874593, "ema_0": 1.647645727882069, "ema_1": 0.4457190009019721, "ema_2": 0.47669753077565535, "ema_3": 0.08534217936245325, "cci_0": 0.5350293971159559, "cci_1": 1.3380474509035694, "cci_2": 0.5179252918276385, "eom_0": 0.26866598355132454, "eom_1": 0.09866102526203901, "oc_gradient_0": 0.8634031455626208, "volume_0": 1.472389306389569, "volatility_0": 1.2447553465694132}, "amplification_factor": {"volume_0": 0.2391606517915904, "volatility_0": 2.6875103317536797}, "flip": {"rsi_0": false, "rsi_1": false, "sma_0": false, "sma_1": false, "ema_0": false, "ema_1": false, "ema_2": false, "ema_3": false, "cci_0": false, "cci_1": false, "cci_2": false, "eom_0": false, "eom_1": false, "oc_gradient_0": false, "volume_0": false, "volatility_0": false}, "major_spline_standard_upper_thresholds": 0.36060752083612324, "major_spline_standard_lower_thresholds": -0.4222185794707667}, "indicator_properties": {"timeframes": {"rsi_0": 48, "rsi_1": 131, "sma_0_1": 15, "sma_0_2": 229, "sma_1_1": 94, "sma_1_2": 192, "ema_0_1": 13, "ema_0_2": 148, "ema_1_1": 87, "ema_1_2": 211, "ema_2_1": 49, "ema_2_2": 221, "ema_3_1": 57, "ema_3_2": 173, "cci_0": 85, "cci_1": 80, "cci_2": 30, "eom_0": 65, "eom_1": 192, "volatility_0": 204, "threshold_timeframe": 20}, "rsi_standard_upper_thresholds": {"rsi_0": 75, "rsi_1": 69}, "rsi_standard_lower_thresholds": {"rsi_0": 32, "rsi_1": 36}}, "general_settings": {"spline_interpolation_factor": 4, "threshold_setting": 2, "buffer_setting": 1, "include_triggers_in_bb_signal": {"rsi": true, "sma": false, "ema": false, "cci": false, "eom": false, "oc_gradient": false}, "rsi_buffer_setting": 0}}