{"indicators_count": {"rsi": 2, "sma": 2, "ema": 4, "lwma": 0, "cci": 3, "eom": 2, "oc_gradient": 1}, "spline_property": {"weights": {"rsi_0": 9.771915102490933, "rsi_1": 2.4937944564618575, "sma_0": 0.3258661709395616, "sma_1": 9.900501926012883, "ema_0": 5.15859777112123, "ema_1": 2.1306694080214474, "ema_2": 9.33321109101425, "ema_3": 1.0597847409849315, "cci_0": 4.693070478929786, "cci_1": 3.5788664706276263, "cci_2": 5.2499197287112835, "eom_0": 9.295560452128704, "eom_1": 8.584292232648913, "oc_gradient_0": 7.97641272544339}, "smoothing_factors": {"rsi_0": 0.16479995193115027, "rsi_1": 0.8186480931940296, "sma_0": 0.0774819699331879, "sma_1": 0.7878350011296662, "ema_0": 1.17586209657137, "ema_1": 0.6948432079542834, "ema_2": 1.052871961184284, "ema_3": 0.8586452478880608, "cci_0": 0.9888909970725681, "cci_1": 1.5333787831806456, "cci_2": 0.17002190418440555, "eom_0": 1.0178682313042993, "eom_1": 1.8060869713013754, "oc_gradient_0": 2.011631182580741, "volume_0": 1.5089714961249476, "volatility_0": 0.46756001064173525}, "amplification_factor": {"volume_0": 1.0585931664627313, "volatility_0": 1.5777194212858343}, "flip": {"rsi_0": false, "rsi_1": false, "sma_0": false, "sma_1": true, "ema_0": false, "ema_1": false, "ema_2": false, "ema_3": true, "cci_0": false, "cci_1": false, "cci_2": false, "eom_0": false, "eom_1": false, "oc_gradient_0": false, "volume_0": false, "volatility_0": false}, "major_spline_standard_upper_thresholds": 0.5650868085317681, "major_spline_standard_lower_thresholds": -0.3862077297301868}, "indicator_properties": {"timeframes": {"rsi_0": 213, "rsi_1": 23, "sma_0_1": 44, "sma_0_2": 176, "sma_1_1": 44, "sma_1_2": 151, "ema_0_1": 55, "ema_0_2": 163, "ema_1_1": 27, "ema_1_2": 235, "ema_2_1": 95, "ema_2_2": 191, "ema_3_1": 60, "ema_3_2": 229, "cci_0": 12, "cci_1": 50, "cci_2": 183, "eom_0": 187, "eom_1": 39, "volatility_0": 125, "threshold_timeframe": 20}, "rsi_standard_upper_thresholds": {"rsi_0": 85, "rsi_1": 51}, "rsi_standard_lower_thresholds": {"rsi_0": 14, "rsi_1": 11}}, "general_settings": {"spline_interpolation_factor": 4, "threshold_setting": 2, "buffer_setting": 1, "include_triggers_in_bb_signal": {"rsi": true, "sma": false, "ema": false, "cci": false, "eom": false, "oc_gradient": false}, "rsi_buffer_setting": 0}}