{"indicators_count": {"rsi": 2, "sma": 2, "ema": 4, "lwma": 0, "cci": 3, "eom": 2, "oc_gradient": 1}, "spline_property": {"weights": {"rsi_0": 4.876112736371259, "rsi_1": 4.025374593915402, "sma_0": 2.1643050083994075, "sma_1": 1.2056909960924662, "ema_0": 8.284933556640901, "ema_1": 9.727836125756717, "ema_2": 5.480061294193054, "ema_3": 8.699087071619445, "cci_0": 4.1054064353125375, "cci_1": 7.208720356580125, "cci_2": 7.200319853057917, "eom_0": 3.510822482696935, "eom_1": 7.28307674514289, "oc_gradient_0": 8.766590859317162}, "smoothing_factors": {"rsi_0": 0.5492387157904002, "rsi_1": 1.9831570546848543, "sma_0": 0.10545130746953418, "sma_1": 1.1008339117421124, "ema_0": 0, "ema_1": 0.5038899441292528, "ema_2": 0.2069516609898167, "ema_3": 0.5892715026034374, "cci_0": 2.4872136796811084, "cci_1": 0.7409986935584778, "cci_2": 1.9053811478187312, "eom_0": 0.3160206795997416, "eom_1": 1.1999347415950743, "oc_gradient_0": 1.0325197411748395, "volume_0": 0.822273095567984, "volatility_0": 0}, "amplification_factor": {"volume_0": 2.9741763997367467, "volatility_0": 0.2030857043777723}, "flip": {"rsi_0": false, "rsi_1": false, "sma_0": false, "sma_1": false, "ema_0": false, "ema_1": false, "ema_2": false, "ema_3": false, "cci_0": false, "cci_1": false, "cci_2": false, "eom_0": false, "eom_1": false, "oc_gradient_0": false, "volume_0": false, "volatility_0": false}, "major_spline_standard_upper_thresholds": 0.5198156058205969, "major_spline_standard_lower_thresholds": -0.4478362794553431}, "indicator_properties": {"timeframes": {"rsi_0": 170, "rsi_1": 53, "sma_0_1": 28, "sma_0_2": 150, "sma_1_1": 5, "sma_1_2": 241, "ema_0_1": 21, "ema_0_2": 218, "ema_1_1": 6, "ema_1_2": 182, "ema_2_1": 14, "ema_2_2": 191, "ema_3_1": 85, "ema_3_2": 240, "cci_0": 229, "cci_1": 120, "cci_2": 105, "eom_0": 88, "eom_1": 136, "volatility_0": 36, "threshold_timeframe": 19}, "rsi_standard_upper_thresholds": {"rsi_0": 67, "rsi_1": 63}, "rsi_standard_lower_thresholds": {"rsi_0": 32, "rsi_1": 37}}, "general_settings": {"spline_interpolation_factor": 4, "threshold_setting": 2, "buffer_setting": 1, "include_triggers_in_bb_signal": {"rsi": true, "sma": false, "ema": false, "cci": false, "eom": false, "oc_gradient": false}, "rsi_buffer_setting": 0}}