{"indicators_count": {"rsi": 2, "sma": 2, "ema": 4, "lwma": 0, "cci": 3, "eom": 2, "oc_gradient": 1}, "spline_property": {"weights": {"rsi_0": 8.818255102509658, "rsi_1": 2.9200196721282574, "sma_0": 8.240394923644956, "sma_1": 1.5440203026282626, "ema_0": 0.33926349432412983, "ema_1": 9.99764645133204, "ema_2": 5.3079760768969555, "ema_3": 8.908283357042675, "cci_0": 3.671111310849539, "cci_1": 7.607175468000362, "cci_2": 1.9640464102050408, "eom_0": 2.7680679121123832, "eom_1": 0.466602376509874, "oc_gradient_0": 0.9527149821695269}, "smoothing_factors": {"rsi_0": 1.111860658384804, "rsi_1": 1.4097467049911103, "sma_0": 1.9045671343417117, "sma_1": 1.0237803774809437, "ema_0": 2.1820389553278017, "ema_1": 0.6190706821412488, "ema_2": 1.1871058303121247, "ema_3": 0.6916707043983464, "cci_0": 0.9035747190424956, "cci_1": 0.13272859188524966, "cci_2": 1.5506486031702242, "eom_0": 1.037729709033605, "eom_1": 1.1641359942838432, "oc_gradient_0": 2.1115030219668576, "volume_0": 0.4136888868296413, "volatility_0": 2.347507430579202}, "amplification_factor": {"volume_0": 1.1850797753931535, "volatility_0": 2.7855788616468713}, "flip": {"rsi_0": false, "rsi_1": false, "sma_0": false, "sma_1": false, "ema_0": false, "ema_1": false, "ema_2": false, "ema_3": false, "cci_0": false, "cci_1": false, "cci_2": false, "eom_0": false, "eom_1": false, "oc_gradient_0": false, "volume_0": false, "volatility_0": false}, "major_spline_standard_upper_thresholds": 0.45154975467607406, "major_spline_standard_lower_thresholds": -0.43266495895535845}, "indicator_properties": {"timeframes": {"rsi_0": 102, "rsi_1": 146, "sma_0_1": 49, "sma_0_2": 203, "sma_1_1": 61, "sma_1_2": 246, "ema_0_1": 54, "ema_0_2": 241, "ema_1_1": 27, "ema_1_2": 241, "ema_2_1": 67, "ema_2_2": 165, "ema_3_1": 12, "ema_3_2": 234, "cci_0": 231, "cci_1": 86, "cci_2": 175, "eom_0": 3, "eom_1": 207, "volatility_0": 51, "threshold_timeframe": 16}, "rsi_standard_upper_thresholds": {"rsi_0": 77, "rsi_1": 62}, "rsi_standard_lower_thresholds": {"rsi_0": 12, "rsi_1": 47}}, "general_settings": {"spline_interpolation_factor": 4, "threshold_setting": 2, "buffer_setting": 1, "include_triggers_in_bb_signal": {"rsi": true, "sma": false, "ema": false, "cci": false, "eom": false, "oc_gradient": false}, "rsi_buffer_setting": 0}}