{"indicators_count": {"rsi": 2, "sma": 2, "ema": 4, "lwma": 0, "cci": 3, "eom": 2, "oc_gradient": 1}, "spline_property": {"weights": {"rsi_0": 8.331049418724092, "rsi_1": 0.1127707628238861, "sma_0": 2.4579291280871085, "sma_1": 8.608158690783315, "ema_0": 3.293751860970864, "ema_1": 4.133026205773593, "ema_2": 1.3777820973225356, "ema_3": 0.9944353387809624, "cci_0": 1.1716517006572724, "cci_1": 3.316620325489612, "cci_2": 5.533096150725233, "eom_0": 8.25731815339212, "eom_1": 5.906996997514035, "oc_gradient_0": 2.2918374309708445}, "smoothing_factors": {"rsi_0": 1.28134838273858, "rsi_1": 0.9094662062360144, "sma_0": 1.6121214794124785, "sma_1": 0.611402549522051, "ema_0": 1.445299725218224, "ema_1": 0.761846912828533, "ema_2": 1.4255187869753028, "ema_3": 1.6399796132599749, "cci_0": 0.3330338659992589, "cci_1": 0.8328250178820485, "cci_2": 0.22847202303339587, "eom_0": 1.2273656537563098, "eom_1": 0.8585786193246243, "oc_gradient_0": 1.7716347598693933, "volume_0": 1.857207604055502, "volatility_0": 0.3836507516574865}, "amplification_factor": {"volume_0": 0.12432924117538169, "volatility_0": 1.8708383240468742}, "flip": {"rsi_0": false, "rsi_1": false, "sma_0": true, "sma_1": false, "ema_0": true, "ema_1": true, "ema_2": false, "ema_3": false, "cci_0": false, "cci_1": false, "cci_2": false, "eom_0": true, "eom_1": false, "oc_gradient_0": true, "volume_0": false, "volatility_0": false}, "major_spline_standard_upper_thresholds": 0.5319779124629983, "major_spline_standard_lower_thresholds": -0.6}, "indicator_properties": {"timeframes": {"rsi_0": 212, "rsi_1": 11, "sma_0_1": 25, "sma_0_2": 186, "sma_1_1": 27, "sma_1_2": 248, "ema_0_1": 37, "ema_0_2": 151, "ema_1_1": 62, "ema_1_2": 205, "ema_2_1": 68, "ema_2_2": 161, "ema_3_1": 66, "ema_3_2": 150, "cci_0": 124, "cci_1": 133, "cci_2": 145, "eom_0": 207, "eom_1": 110, "volatility_0": 72, "threshold_timeframe": 20}, "rsi_standard_upper_thresholds": {"rsi_0": 58, "rsi_1": 68}, "rsi_standard_lower_thresholds": {"rsi_0": 22, "rsi_1": 39}}, "general_settings": {"spline_interpolation_factor": 4, "threshold_setting": 2, "buffer_setting": 1, "include_triggers_in_bb_signal": {"rsi": true, "sma": false, "ema": false, "cci": false, "eom": false, "oc_gradient": false}, "rsi_buffer_setting": 0}}