{"indicators_count": {"rsi": 2, "sma": 2, "ema": 4, "lwma": 0, "cci": 3, "eom": 2, "oc_gradient": 1}, "spline_property": {"weights": {"rsi_0": 11.216496298761284, "rsi_1": 8.493955098277215, "sma_0": 3.2832755581123396, "sma_1": 10.604613108412142, "ema_0": 2.628489241088657, "ema_1": 7.283384364109544, "ema_2": 1.234113281929765, "ema_3": 0, "cci_0": 5.822637558404149, "cci_1": 1.0511519505245537, "cci_2": 0.9260589415896185, "eom_0": 7.6756212325503546, "eom_1": 0.6805750658198378, "oc_gradient_0": 3.4306726332368846}, "smoothing_factors": {"rsi_0": 0, "rsi_1": 0.12749504098727044, "sma_0": 0.5882795078034979, "sma_1": 0.9774974294813978, "ema_0": 2.4236720314798847, "ema_1": 0, "ema_2": 1.9256213299205012, "ema_3": 1.1015171517376536, "cci_0": 2.225265518341482, "cci_1": 0.09601786243796184, "cci_2": 2.382654496448762, "eom_0": 0.025256155664060698, "eom_1": 1.737610206737604, "oc_gradient_0": 1.1010116249751403, "volume_0": 2.4184050935426837, "volatility_0": 2.5557758393106393}, "amplification_factor": {"volume_0": 2.3828546797979486, "volatility_0": 0.5724713030935414}, "flip": {"rsi_0": false, "rsi_1": false, "sma_0": false, "sma_1": false, "ema_0": false, "ema_1": false, "ema_2": false, "ema_3": false, "cci_0": false, "cci_1": false, "cci_2": false, "eom_0": false, "eom_1": false, "oc_gradient_0": false, "volume_0": false, "volatility_0": false}, "major_spline_standard_upper_thresholds": 0.5569009423208839, "major_spline_standard_lower_thresholds": -0.5581672467275673}, "indicator_properties": {"timeframes": {"rsi_0": 130, "rsi_1": 22, "sma_0_1": 76, "sma_0_2": 114, "sma_1_1": 17, "sma_1_2": 162, "ema_0_1": 56, "ema_0_2": 161, "ema_1_1": 20, "ema_1_2": 227, "ema_2_1": 9, "ema_2_2": 220, "ema_3_1": 151, "ema_3_2": 229, "cci_0": 133, "cci_1": 12, "cci_2": 94, "eom_0": 241, "eom_1": 37, "volatility_0": 93, "threshold_timeframe": 23}, "rsi_standard_upper_thresholds": {"rsi_0": 74, "rsi_1": 90}, "rsi_standard_lower_thresholds": {"rsi_0": 19, "rsi_1": 19}}, "general_settings": {"spline_interpolation_factor": 4, "threshold_setting": 2, "buffer_setting": 1, "include_triggers_in_bb_signal": {"rsi": true, "sma": false, "ema": false, "cci": false, "eom": false, "oc_gradient": false}, "rsi_buffer_setting": 0}}