{
    "indicators_count": {
        "rsi": 2,
        "sma": 2,
        "ema": 4,
        "lwma": 0,
        "cci": 3,
        "eom": 2,
        "oc_gradient": 1
    },
    "spline_property": {
        "weights": {
            "rsi_0": 3.5024276310481137,
            "rsi_1": 5.710831246880439,
            "sma_0": 6.617389783318665,
            "sma_1": 7.555670385897557,
            "ema_0": 7.388816411143434,
            "ema_1": 0.17054836767260106,
            "ema_2": 1.4192810384298178,
            "ema_3": 7.8427959843727715,
            "cci_0": 10.011675323097872,
            "cci_1": 8.231371455268002,
            "cci_2": 2.806848530410134,
            "eom_0": 0.8190331743663318,
            "eom_1": 3.3562930893301868,
            "oc_gradient_0": 5.552588838949135
        },
        "smoothing_factors": {
            "rsi_0": 0.22221300819418144,
            "rsi_1": 0.731884998275895,
            "sma_0": 1.4998839694587918,
            "sma_1": 0.3506271016261471,
            "ema_0": 0.24284629271004565,
            "ema_1": 0.9498871182851616,
            "ema_2": 0.2886027746396256,
            "ema_3": 0.28887364698479945,
            "cci_0": 0.25638295255280885,
            "cci_1": 1.817713670024612,
            "cci_2": 1.574707581903441,
            "eom_0": 0,
            "eom_1": 2.5361047414529567,
            "oc_gradient_0": 1.3284168701183556,
            "volume_0": 0,
            "volatility_0": 0.6035172776010964
        },
        "amplification_factor": {
            "volume_0": 0.08960111126257941,
            "volatility_0": 2.5282415082212637
        },
        "flip": {
            "rsi_0": true,
            "rsi_1": false,
            "sma_0": true,
            "sma_1": false,
            "ema_0": false,
            "ema_1": true,
            "ema_2": false,
            "ema_3": false,
            "cci_0": false,
            "cci_1": true,
            "cci_2": true,
            "eom_0": false,
            "eom_1": false,
            "oc_gradient_0": true,
            "volume_0": false,
            "volatility_0": true
        },
        "major_spline_standard_upper_thresholds": 0.3716782188355152,
        "major_spline_standard_lower_thresholds": -0.3
    },
    "indicator_properties": {
        "timeframes": {
            "rsi_0": 54,
            "rsi_1": 252,
            "sma_0_1": 65,
            "sma_0_2": 206,
            "sma_1_1": 95,
            "sma_1_2": 238,
            "ema_0_1": 96,
            "ema_0_2": 241,
            "ema_1_1": 39,
            "ema_1_2": 239,
            "ema_2_1": 79,
            "ema_2_2": 216,
            "ema_3_1": 22,
            "ema_3_2": 187,
            "cci_0": 23,
            "cci_1": 243,
            "cci_2": 75,
            "eom_0": 232,
            "eom_1": 68,
            "volatility_0": 102,
            "threshold_timeframe": 21
        },
        "rsi_standard_upper_thresholds": {
            "rsi_0": 61,
            "rsi_1": 75
        },
        "rsi_standard_lower_thresholds": {
            "rsi_0": 10,
            "rsi_1": 10
        }
    },
    "general_settings": {
        "spline_interpolation_factor": 4,
        "threshold_setting": 2,
        "buffer_setting": 1,
        "include_triggers_in_bb_signal": {
            "rsi": true,
            "sma": false,
            "ema": false,
            "cci": false,
            "eom": false,
            "oc_gradient": false
        },
        "rsi_buffer_setting": 0
    }
}