{"indicators_count": {"rsi": 2, "sma": 2, "ema": 4, "lwma": 0, "cci": 3, "eom": 2, "oc_gradient": 1}, "spline_property": {"weights": {"rsi_0": 3.919225211092916, "rsi_1": 3.308930780431057, "sma_0": 8.321740377708919, "sma_1": 6.094702482794226, "ema_0": 1.8496609629612721, "ema_1": 3.471062330410879, "ema_2": 6.782122950026045, "ema_3": 0.5608464335538459, "cci_0": 0, "cci_1": 7.9817317467315965, "cci_2": 5.353403782392779, "eom_0": 0, "eom_1": 0.9252156692969774, "oc_gradient_0": 8.76698246303576}, "smoothing_factors": {"rsi_0": 2.2156926032286948, "rsi_1": 0.4711120528005731, "sma_0": 1.3205927969773976, "sma_1": 0, "ema_0": 0, "ema_1": 0.9065385933228794, "ema_2": 1.8880214178481363, "ema_3": 1.8592188151807671, "cci_0": 1.4414508853236045, "cci_1": 0.2942787077497348, "cci_2": 1.2570541113360445, "eom_0": 1.0810624326018061, "eom_1": 2.3879513036433995, "oc_gradient_0": 2.837824376332463, "volume_0": 1.309773104197648, "volatility_0": 1.1495492220517411}, "amplification_factor": {"volume_0": 2.1917712923359134, "volatility_0": 0.2528830491279418}, "flip": {"rsi_0": false, "rsi_1": false, "sma_0": false, "sma_1": false, "ema_0": false, "ema_1": false, "ema_2": false, "ema_3": false, "cci_0": false, "cci_1": false, "cci_2": false, "eom_0": false, "eom_1": false, "oc_gradient_0": false, "volume_0": false, "volatility_0": false}, "major_spline_standard_upper_thresholds": 0.5505463641137376, "major_spline_standard_lower_thresholds": -0.49630155079825095}, "indicator_properties": {"timeframes": {"rsi_0": 206, "rsi_1": 124, "sma_0_1": 4, "sma_0_2": 163, "sma_1_1": 33, "sma_1_2": 165, "ema_0_1": 47, "ema_0_2": 214, "ema_1_1": 92, "ema_1_2": 161, "ema_2_1": 78, "ema_2_2": 206, "ema_3_1": 39, "ema_3_2": 195, "cci_0": 75, "cci_1": 198, "cci_2": 46, "eom_0": 152, "eom_1": 192, "volatility_0": 121, "threshold_timeframe": 19}, "rsi_standard_upper_thresholds": {"rsi_0": 64, "rsi_1": 85}, "rsi_standard_lower_thresholds": {"rsi_0": 14, "rsi_1": 45}}, "general_settings": {"spline_interpolation_factor": 4, "threshold_setting": 2, "buffer_setting": 1, "include_triggers_in_bb_signal": {"rsi": true, "sma": false, "ema": false, "cci": false, "eom": false, "oc_gradient": false}, "rsi_buffer_setting": 0}}