{"indicators_count": {"rsi": 2, "sma": 2, "ema": 4, "lwma": 0, "cci": 3, "eom": 2, "oc_gradient": 1}, "spline_property": {"weights": {"rsi_0": 5.725971398507648, "rsi_1": 3.8971661762731022, "sma_0": 8.21957451801826, "sma_1": 0.7204530006343404, "ema_0": 5.777578602859103, "ema_1": 5.186597147555863, "ema_2": 8.710422476249684, "ema_3": 5.342599886950569, "cci_0": 8.236341474311244, "cci_1": 5.334250784789315, "cci_2": 5.484004412096061, "eom_0": 4.840340422052989, "eom_1": 8.695735592222254, "oc_gradient_0": 1.5436211798216315}, "smoothing_factors": {"rsi_0": 0.6204031880811307, "rsi_1": 1.98362672557125, "sma_0": 1.284035107322124, "sma_1": 0.3129755144857515, "ema_0": 0, "ema_1": 0.6436679306546836, "ema_2": 1.3784552960628096, "ema_3": 1.6220291073048227, "cci_0": 0.8170768972092519, "cci_1": 1.2939944046867105, "cci_2": 0, "eom_0": 0, "eom_1": 0.8761937078620636, "oc_gradient_0": 1.9233656821921399, "volume_0": 0, "volatility_0": 0}, "amplification_factor": {"volume_0": 2.9367924717758904, "volatility_0": 0.40255515208036496}, "flip": {"rsi_0": false, "rsi_1": true, "sma_0": false, "sma_1": false, "ema_0": false, "ema_1": true, "ema_2": false, "ema_3": false, "cci_0": false, "cci_1": true, "cci_2": false, "eom_0": true, "eom_1": true, "oc_gradient_0": true, "volume_0": false, "volatility_0": true}, "major_spline_standard_upper_thresholds": 0.49332284947990757, "major_spline_standard_lower_thresholds": -0.5911945209204015}, "indicator_properties": {"timeframes": {"rsi_0": 92, "rsi_1": 233, "sma_0_1": 41, "sma_0_2": 143, "sma_1_1": 76, "sma_1_2": 176, "ema_0_1": 87, "ema_0_2": 186, "ema_1_1": 65, "ema_1_2": 217, "ema_2_1": 115, "ema_2_2": 216, "ema_3_1": 28, "ema_3_2": 232, "cci_0": 179, "cci_1": 45, "cci_2": 73, "eom_0": 99, "eom_1": 213, "volatility_0": 46, "threshold_timeframe": 13}, "rsi_standard_upper_thresholds": {"rsi_0": 82, "rsi_1": 72}, "rsi_standard_lower_thresholds": {"rsi_0": 33, "rsi_1": 48}}, "general_settings": {"spline_interpolation_factor": 4, "threshold_setting": 2, "buffer_setting": 1, "include_triggers_in_bb_signal": {"rsi": true, "sma": false, "ema": false, "cci": false, "eom": false, "oc_gradient": false}, "rsi_buffer_setting": 0}}