{"indicators_count": {"rsi": 2, "sma": 2, "ema": 4, "lwma": 0, "cci": 3, "eom": 2, "oc_gradient": 1}, "spline_property": {"weights": {"rsi_0": 9.302161880995202, "rsi_1": 8.758449733435643, "sma_0": 0.034362827555583286, "sma_1": 0.3397482546556523, "ema_0": 0, "ema_1": 2.4116360538574972, "ema_2": 1.4767813426980652, "ema_3": 9.175135400589328, "cci_0": 6.318413315685358, "cci_1": 4.099877634019217, "cci_2": 8.05169932581121, "eom_0": 0.3055853016113204, "eom_1": 3.9690258556581974, "oc_gradient_0": 0.08770375284194465}, "smoothing_factors": {"rsi_0": 0, "rsi_1": 2.1485669130158795, "sma_0": 0.8078488994001315, "sma_1": 2.2087077793466645, "ema_0": 1.4033178093741867, "ema_1": 1.0185351495903636, "ema_2": 0.5571930024356191, "ema_3": 0.5407926282022347, "cci_0": 0.9875680298928363, "cci_1": 1.3030173503554663, "cci_2": 1.5000498220140037, "eom_0": 2.5629618420067573, "eom_1": 0.8931807425618735, "oc_gradient_0": 1.629461001252104, "volume_0": 1.4386387101570608, "volatility_0": 1.1845629090319725}, "amplification_factor": {"volume_0": 1.4968020239092237, "volatility_0": 2.408001178086547}, "flip": {"rsi_0": false, "rsi_1": false, "sma_0": false, "sma_1": false, "ema_0": false, "ema_1": false, "ema_2": false, "ema_3": false, "cci_0": false, "cci_1": false, "cci_2": false, "eom_0": false, "eom_1": false, "oc_gradient_0": false, "volume_0": false, "volatility_0": false}, "major_spline_standard_upper_thresholds": 0.5036774370291173, "major_spline_standard_lower_thresholds": -0.5551911698485943}, "indicator_properties": {"timeframes": {"rsi_0": 46, "rsi_1": 39, "sma_0_1": 63, "sma_0_2": 167, "sma_1_1": 86, "sma_1_2": 157, "ema_0_1": 63, "ema_0_2": 202, "ema_1_1": 89, "ema_1_2": 156, "ema_2_1": 75, "ema_2_2": 189, "ema_3_1": 56, "ema_3_2": 197, "cci_0": 136, "cci_1": 114, "cci_2": 132, "eom_0": 142, "eom_1": 44, "volatility_0": 232, "threshold_timeframe": 14}, "rsi_standard_upper_thresholds": {"rsi_0": 76, "rsi_1": 79}, "rsi_standard_lower_thresholds": {"rsi_0": 12, "rsi_1": 40}}, "general_settings": {"spline_interpolation_factor": 4, "threshold_setting": 2, "buffer_setting": 1, "include_triggers_in_bb_signal": {"rsi": true, "sma": false, "ema": false, "cci": false, "eom": false, "oc_gradient": false}, "rsi_buffer_setting": 0}}