{"indicators_count": {"rsi": 2, "sma": 2, "ema": 4, "lwma": 0, "cci": 3, "eom": 2, "oc_gradient": 1}, "spline_property": {"weights": {"rsi_0": 15.300748766749205, "rsi_1": 2.640147668446588, "sma_0": 5.838606583253159, "sma_1": 1.9353195732749418, "ema_0": 11.35907770166907, "ema_1": 3.71807596077143, "ema_2": 3.918071303113157, "ema_3": 1.6886967010591305, "cci_0": 12.55504268695671, "cci_1": 13.369325579030194, "cci_2": 0.7506111871174714, "eom_0": 2.167108103180996, "eom_1": 5.483547236513717, "oc_gradient_0": 4.6607368311822235}, "smoothing_factors": {"rsi_0": 0.6491502738503763, "rsi_1": 0, "sma_0": 1.6599947622087117, "sma_1": 3.0292042527413385, "ema_0": 0.421573994562206, "ema_1": 0, "ema_2": 2.771580899098694, "ema_3": 3.39767829529669, "cci_0": 0.4137974352799342, "cci_1": 1.9350506122734301, "cci_2": 0.6078820840765335, "eom_0": 0, "eom_1": 2.7569754401052533, "oc_gradient_0": 1.3997329683024127, "volume_0": 0.03062254984920393, "volatility_0": 0.8954358618070992}, "amplification_factor": {"volume_0": 0.03863999551370201, "volatility_0": 1.5133473564074127}, "flip": {"rsi_0": false, "rsi_1": false, "sma_0": false, "sma_1": false, "ema_0": false, "ema_1": false, "ema_2": false, "ema_3": false, "cci_0": false, "cci_1": false, "cci_2": false, "eom_0": false, "eom_1": false, "oc_gradient_0": false, "volume_0": false, "volatility_0": false}, "major_spline_standard_upper_thresholds": 0.3558106973137658, "major_spline_standard_lower_thresholds": -0.5401927549372902}, "indicator_properties": {"timeframes": {"rsi_0": 251, "rsi_1": 191, "sma_0_1": 87, "sma_0_2": 231, "sma_1_1": 8, "sma_1_2": 178, "ema_0_1": 118, "ema_0_2": 174, "ema_1_1": 34, "ema_1_2": 226, "ema_2_1": 20, "ema_2_2": 141, "ema_3_1": 19, "ema_3_2": 227, "cci_0": 55, "cci_1": 229, "cci_2": 79, "eom_0": 167, "eom_1": 232, "volatility_0": 54, "threshold_timeframe": 33}, "rsi_standard_upper_thresholds": {"rsi_0": 62, "rsi_1": 56}, "rsi_standard_lower_thresholds": {"rsi_0": 27, "rsi_1": 42}}, "general_settings": {"spline_interpolation_factor": 4, "threshold_setting": 2, "buffer_setting": 1, "include_triggers_in_bb_signal": {"rsi": true, "sma": false, "ema": false, "cci": false, "eom": false, "oc_gradient": false}, "rsi_buffer_setting": 0}}