{"indicators_count": {"rsi": 2, "sma": 2, "ema": 4, "lwma": 0, "cci": 3, "eom": 2, "oc_gradient": 1}, "spline_property": {"weights": {"rsi_0": 9.609212583417442, "rsi_1": 7.737533399322264, "sma_0": 1.082676170040775, "sma_1": 4.930798903733006, "ema_0": 9.949146568010889, "ema_1": 9.587563897046271, "ema_2": 3.0308625821363, "ema_3": 8.918540817737856, "cci_0": 0.20261518714623006, "cci_1": 0.8111433986886041, "cci_2": 6.811825444255179, "eom_0": 9.128599495405838, "eom_1": 7.172219155441027, "oc_gradient_0": 1.6661611960918143}, "smoothing_factors": {"rsi_0": 0.7614019531781742, "rsi_1": 0, "sma_0": 1.951599544236321, "sma_1": 1.6485343271583068, "ema_0": 0.0165776235669175, "ema_1": 0.9341980081726106, "ema_2": 1.5312535834229977, "ema_3": 1.1238619720470822, "cci_0": 0.8629787511647731, "cci_1": 1.5917388465328797, "cci_2": 0.47398504013843, "eom_0": 1.8624413951319172, "eom_1": 1.0358371988846986, "oc_gradient_0": 0.9354751498685392, "volume_0": 0.23380404494860496, "volatility_0": 1.7383942779663089}, "amplification_factor": {"volume_0": 1.4371380157502331, "volatility_0": 1.267125152598687}, "flip": {"rsi_0": false, "rsi_1": false, "sma_0": false, "sma_1": false, "ema_0": true, "ema_1": false, "ema_2": false, "ema_3": false, "cci_0": false, "cci_1": false, "cci_2": false, "eom_0": false, "eom_1": false, "oc_gradient_0": true, "volume_0": false, "volatility_0": false}, "major_spline_standard_upper_thresholds": 0.5040244657736271, "major_spline_standard_lower_thresholds": -0.33052478943199826}, "indicator_properties": {"timeframes": {"rsi_0": 225, "rsi_1": 224, "sma_0_1": 98, "sma_0_2": 226, "sma_1_1": 101, "sma_1_2": 155, "ema_0_1": 33, "ema_0_2": 234, "ema_1_1": 54, "ema_1_2": 178, "ema_2_1": 69, "ema_2_2": 197, "ema_3_1": 68, "ema_3_2": 214, "cci_0": 153, "cci_1": 120, "cci_2": 15, "eom_0": 162, "eom_1": 156, "volatility_0": 14, "threshold_timeframe": 10}, "rsi_standard_upper_thresholds": {"rsi_0": 76, "rsi_1": 82}, "rsi_standard_lower_thresholds": {"rsi_0": 10, "rsi_1": 19}}, "general_settings": {"spline_interpolation_factor": 4, "threshold_setting": 2, "buffer_setting": 1, "include_triggers_in_bb_signal": {"rsi": true, "sma": false, "ema": false, "cci": false, "eom": false, "oc_gradient": false}, "rsi_buffer_setting": 0}}