{"indicators_count": {"rsi": 2, "sma": 2, "ema": 4, "lwma": 0, "cci": 3, "eom": 2, "oc_gradient": 1}, "spline_property": {"weights": {"rsi_0": 7.786513770442859, "rsi_1": 7.734412447396241, "sma_0": 0, "sma_1": 0.18814219916663688, "ema_0": 7.370812555207046, "ema_1": 0, "ema_2": 1.5221343166289842, "ema_3": 2.7256567082722865, "cci_0": 4.859022404709409, "cci_1": 9.436190812828144, "cci_2": 10.793260523349604, "eom_0": 6.775660476303513, "eom_1": 1.0424011358375158, "oc_gradient_0": 0.002902749834524345}, "smoothing_factors": {"rsi_0": 0.05584327832666208, "rsi_1": 0.32553501272247964, "sma_0": 2.555506075049141, "sma_1": 2.610573473635935, "ema_0": 0.3694384951513451, "ema_1": 0.9081535083519332, "ema_2": 1.495877357607956, "ema_3": 2.536506192117564, "cci_0": 0.9266379907579222, "cci_1": 0, "cci_2": 3.4326015736719175, "eom_0": 2.65608341226171, "eom_1": 0.23576953842449863, "oc_gradient_0": 0.17813511784049507, "volume_0": 3.3374190438656086, "volatility_0": 1.4759240872567205}, "amplification_factor": {"volume_0": 1.027763819654669, "volatility_0": 0.6527058303076024}, "flip": {"rsi_0": false, "rsi_1": false, "sma_0": false, "sma_1": false, "ema_0": false, "ema_1": false, "ema_2": false, "ema_3": false, "cci_0": false, "cci_1": false, "cci_2": false, "eom_0": false, "eom_1": false, "oc_gradient_0": false, "volume_0": false, "volatility_0": false}, "major_spline_standard_upper_thresholds": 0.5201581943751391, "major_spline_standard_lower_thresholds": -0.30829121910595525}, "indicator_properties": {"timeframes": {"rsi_0": 173, "rsi_1": 119, "sma_0_1": 105, "sma_0_2": 132, "sma_1_1": 47, "sma_1_2": 227, "ema_0_1": 21, "ema_0_2": 159, "ema_1_1": 6, "ema_1_2": 184, "ema_2_1": 26, "ema_2_2": 202, "ema_3_1": 93, "ema_3_2": 156, "cci_0": 48, "cci_1": 13, "cci_2": 243, "eom_0": 125, "eom_1": 105, "volatility_0": 2, "threshold_timeframe": 30}, "rsi_standard_upper_thresholds": {"rsi_0": 87, "rsi_1": 60}, "rsi_standard_lower_thresholds": {"rsi_0": 19, "rsi_1": 41}}, "general_settings": {"spline_interpolation_factor": 4, "threshold_setting": 2, "buffer_setting": 1, "include_triggers_in_bb_signal": {"rsi": true, "sma": false, "ema": false, "cci": false, "eom": false, "oc_gradient": false}, "rsi_buffer_setting": 0}}