{"indicators_count": {"rsi": 2, "sma": 2, "ema": 4, "lwma": 0, "cci": 3, "eom": 2, "oc_gradient": 1}, "spline_property": {"weights": {"rsi_0": 5.485898888831689, "rsi_1": 10.197995196837784, "sma_0": 6.485424484990026, "sma_1": 4.540449084207958, "ema_0": 0.11204674902484936, "ema_1": 6.225214339805394, "ema_2": 1.8379812448781192, "ema_3": 4.108913377975524, "cci_0": 7.083449379529096, "cci_1": 6.257032017895192, "cci_2": 8.436889841128728, "eom_0": 3.46090397359412, "eom_1": 4.585338714149878, "oc_gradient_0": 5.717582385416921}, "smoothing_factors": {"rsi_0": 1.1896113530536863, "rsi_1": 0.4594246103384314, "sma_0": 2.882338152113044, "sma_1": 2.3111045632046974, "ema_0": 2.805898453022634, "ema_1": 0, "ema_2": 1.4273620564669116, "ema_3": 2.609041097032172, "cci_0": 1.4753399045094848, "cci_1": 0.1626880333788947, "cci_2": 1.2112264479894892, "eom_0": 1.5193013912373123, "eom_1": 0.7975360610649711, "oc_gradient_0": 0.019058261225005035, "volume_0": 0, "volatility_0": 0.7610446470677356}, "amplification_factor": {"volume_0": 1.9443590336212568, "volatility_0": 2.3128417816527795}, "flip": {"rsi_0": false, "rsi_1": false, "sma_0": false, "sma_1": false, "ema_0": false, "ema_1": false, "ema_2": false, "ema_3": false, "cci_0": false, "cci_1": false, "cci_2": false, "eom_0": false, "eom_1": false, "oc_gradient_0": false, "volume_0": false, "volatility_0": false}, "major_spline_standard_upper_thresholds": 0.4607640013898883, "major_spline_standard_lower_thresholds": -0.3181152750146292}, "indicator_properties": {"timeframes": {"rsi_0": 240, "rsi_1": 151, "sma_0_1": 66, "sma_0_2": 167, "sma_1_1": 56, "sma_1_2": 161, "ema_0_1": 32, "ema_0_2": 145, "ema_1_1": 93, "ema_1_2": 278, "ema_2_1": 2, "ema_2_2": 227, "ema_3_1": 11, "ema_3_2": 139, "cci_0": 78, "cci_1": 118, "cci_2": 223, "eom_0": 104, "eom_1": 264, "volatility_0": 162, "threshold_timeframe": 6}, "rsi_standard_upper_thresholds": {"rsi_0": 60, "rsi_1": 73}, "rsi_standard_lower_thresholds": {"rsi_0": 36, "rsi_1": 39}}, "general_settings": {"spline_interpolation_factor": 4, "threshold_setting": 2, "buffer_setting": 1, "include_triggers_in_bb_signal": {"rsi": true, "sma": false, "ema": false, "cci": false, "eom": false, "oc_gradient": false}, "rsi_buffer_setting": 0}}