{"indicators_count": {"rsi": 2, "sma": 2, "ema": 4, "lwma": 0, "cci": 3, "eom": 2, "oc_gradient": 1}, "spline_property": {"weights": {"rsi_0": 6.456329678624203, "rsi_1": 2.283839890745527, "sma_0": 5.074008224213625, "sma_1": 6.926482915905086, "ema_0": 3.7477280802463087, "ema_1": 7.459850218551462, "ema_2": 5.047039713848223, "ema_3": 0, "cci_0": 8.290843520630366, "cci_1": 2.948541765965942, "cci_2": 0.4321720055155076, "eom_0": 5.9530310882706114, "eom_1": 5.347665211396536, "oc_gradient_0": 0.40863304582545723}, "smoothing_factors": {"rsi_0": 0, "rsi_1": 0.013367621927222406, "sma_0": 0.4700126799709461, "sma_1": 0.7469860969839077, "ema_0": 0.7684672266187358, "ema_1": 0.3900923990537726, "ema_2": 0.7880693721750949, "ema_3": 0.30171846756563503, "cci_0": 1.5234264391762735, "cci_1": 1.4931662747806966, "cci_2": 1.1606414772456755, "eom_0": 2.1133017716323232, "eom_1": 0.31301319366775027, "oc_gradient_0": 1.9903201031200008, "volume_0": 1.394142534704452, "volatility_0": 1.2581423169031216}, "amplification_factor": {"volume_0": 1.8118643324543364, "volatility_0": 2.5673669211743486}, "flip": {"rsi_0": false, "rsi_1": false, "sma_0": false, "sma_1": false, "ema_0": false, "ema_1": false, "ema_2": false, "ema_3": false, "cci_0": false, "cci_1": false, "cci_2": false, "eom_0": false, "eom_1": false, "oc_gradient_0": false, "volume_0": false, "volatility_0": false}, "major_spline_standard_upper_thresholds": 0.5131972294469737, "major_spline_standard_lower_thresholds": -0.4242643556781758}, "indicator_properties": {"timeframes": {"rsi_0": 118, "rsi_1": 152, "sma_0_1": 80, "sma_0_2": 177, "sma_1_1": 28, "sma_1_2": 233, "ema_0_1": 10, "ema_0_2": 211, "ema_1_1": 31, "ema_1_2": 201, "ema_2_1": 92, "ema_2_2": 212, "ema_3_1": 88, "ema_3_2": 208, "cci_0": 175, "cci_1": 60, "cci_2": 93, "eom_0": 205, "eom_1": 205, "volatility_0": 194, "threshold_timeframe": 20}, "rsi_standard_upper_thresholds": {"rsi_0": 70, "rsi_1": 82}, "rsi_standard_lower_thresholds": {"rsi_0": 20, "rsi_1": 27}}, "general_settings": {"spline_interpolation_factor": 4, "threshold_setting": 2, "buffer_setting": 1, "include_triggers_in_bb_signal": {"rsi": true, "sma": false, "ema": false, "cci": false, "eom": false, "oc_gradient": false}, "rsi_buffer_setting": 0}}