{"indicators_count": {"rsi": 2, "sma": 2, "ema": 4, "lwma": 0, "cci": 3, "eom": 2, "oc_gradient": 1}, "spline_property": {"weights": {"rsi_0": 3.8558583159409276, "rsi_1": 5.552216506422756, "sma_0": 9.311907525095519, "sma_1": 1.0208909799461496, "ema_0": 9.18544377086723, "ema_1": 5.852311025049193, "ema_2": 4.563366031503164, "ema_3": 1.8634612011194018, "cci_0": 4.316952397139455, "cci_1": 4.8176967821973165, "cci_2": 3.3554182529350163, "eom_0": 7.3770033396526316, "eom_1": 2.243082862770404, "oc_gradient_0": 4.496226525793325}, "smoothing_factors": {"rsi_0": 1.5344419537414828, "rsi_1": 0.258111088177396, "sma_0": 0.7843047987119436, "sma_1": 1.5206932496525862, "ema_0": 1.4925138564849214, "ema_1": 0.36187350022267123, "ema_2": 1.958913102929841, "ema_3": 0.42558509538391165, "cci_0": 1.287655713291078, "cci_1": 1.962773452343825, "cci_2": 0.07797110502830651, "eom_0": 1.224122128786475, "eom_1": 1.0198341796333001, "oc_gradient_0": 0.06499330252985214, "volume_0": 0.6885114435232816, "volatility_0": 1.1091728263732241}, "amplification_factor": {"volume_0": 2.9691473007545284, "volatility_0": 0.882626059974097}, "flip": {"rsi_0": false, "rsi_1": false, "sma_0": false, "sma_1": false, "ema_0": false, "ema_1": false, "ema_2": false, "ema_3": false, "cci_0": false, "cci_1": false, "cci_2": false, "eom_0": false, "eom_1": false, "oc_gradient_0": false, "volume_0": false, "volatility_0": false}, "major_spline_standard_upper_thresholds": 0.5603786911417368, "major_spline_standard_lower_thresholds": -0.5041264714242011}, "indicator_properties": {"timeframes": {"rsi_0": 193, "rsi_1": 128, "sma_0_1": 21, "sma_0_2": 150, "sma_1_1": 11, "sma_1_2": 174, "ema_0_1": 83, "ema_0_2": 206, "ema_1_1": 27, "ema_1_2": 191, "ema_2_1": 90, "ema_2_2": 155, "ema_3_1": 33, "ema_3_2": 196, "cci_0": 228, "cci_1": 149, "cci_2": 94, "eom_0": 64, "eom_1": 161, "volatility_0": 78, "threshold_timeframe": 20}, "rsi_standard_upper_thresholds": {"rsi_0": 76, "rsi_1": 72}, "rsi_standard_lower_thresholds": {"rsi_0": 49, "rsi_1": 10}}, "general_settings": {"spline_interpolation_factor": 4, "threshold_setting": 2, "buffer_setting": 1, "include_triggers_in_bb_signal": {"rsi": true, "sma": false, "ema": false, "cci": false, "eom": false, "oc_gradient": false}, "rsi_buffer_setting": 0}}