{"indicators_count": {"rsi": 2, "sma": 2, "ema": 4, "lwma": 0, "cci": 3, "eom": 2, "oc_gradient": 1}, "spline_property": {"weights": {"rsi_0": 6.167743480956099, "rsi_1": 7.026403770761571, "sma_0": 2.263739897284789, "sma_1": 5.313640519651609, "ema_0": 2.6500156267841075, "ema_1": 1.0685122988304896, "ema_2": 8.665991647084423, "ema_3": 1.3664655975858497, "cci_0": 7.871319902215583, "cci_1": 1.5291012244796387, "cci_2": 7.177025026601211, "eom_0": 5.539474611425744, "eom_1": 1.4544506959113501, "oc_gradient_0": 6.090680836181123}, "smoothing_factors": {"rsi_0": 0.9264007201404911, "rsi_1": 1.759877409639299, "sma_0": 1.6138670495900629, "sma_1": 0.004326841202391796, "ema_0": 0.25873939003865076, "ema_1": 1.9323885703801253, "ema_2": 0.04440321506023204, "ema_3": 0.4378802295196269, "cci_0": 0.7649285983425627, "cci_1": 0.8966778379524742, "cci_2": 0.060043753800555155, "eom_0": 0.8104826163702632, "eom_1": 1.0653625921671965, "oc_gradient_0": 1.4196673360796566, "volume_0": 1.10749325789521, "volatility_0": 1.972877795655347}, "amplification_factor": {"volume_0": 2.1851606176702654, "volatility_0": 1.6549708323346446}, "flip": {"rsi_0": false, "rsi_1": true, "sma_0": false, "sma_1": true, "ema_0": false, "ema_1": true, "ema_2": true, "ema_3": true, "cci_0": true, "cci_1": false, "cci_2": false, "eom_0": false, "eom_1": false, "oc_gradient_0": false, "volume_0": false, "volatility_0": false}, "major_spline_standard_upper_thresholds": 0.5970375130430088, "major_spline_standard_lower_thresholds": -0.45001312991258424}, "indicator_properties": {"timeframes": {"rsi_0": 121, "rsi_1": 30, "sma_0_1": 46, "sma_0_2": 229, "sma_1_1": 62, "sma_1_2": 185, "ema_0_1": 6, "ema_0_2": 199, "ema_1_1": 97, "ema_1_2": 213, "ema_2_1": 30, "ema_2_2": 200, "ema_3_1": 57, "ema_3_2": 215, "cci_0": 238, "cci_1": 67, "cci_2": 109, "eom_0": 161, "eom_1": 209, "volatility_0": 56, "threshold_timeframe": 20}, "rsi_standard_upper_thresholds": {"rsi_0": 52, "rsi_1": 56}, "rsi_standard_lower_thresholds": {"rsi_0": 39, "rsi_1": 41}}, "general_settings": {"spline_interpolation_factor": 4, "threshold_setting": 2, "buffer_setting": 1, "include_triggers_in_bb_signal": {"rsi": true, "sma": false, "ema": false, "cci": false, "eom": 2, "oc_gradient": false}, "rsi_buffer_setting": 0}}