{"indicators_count": {"rsi": 2, "sma": 2, "ema": 4, "lwma": 0, "cci": 3, "eom": 2, "oc_gradient": 1}, "spline_property": {"weights": {"rsi_0": 10.721955588797636, "rsi_1": 7.6376317889941925, "sma_0": 6.274706506494239, "sma_1": 6.989785610618066, "ema_0": 1.6791141733315207, "ema_1": 0.4564569300094927, "ema_2": 1.8462670161145507, "ema_3": 0.23533329901220582, "cci_0": 1.8837250572084114, "cci_1": 9.033846819891778, "cci_2": 9.42862185421104, "eom_0": 6.447997564348565, "eom_1": 9.808966546498697, "oc_gradient_0": 2.5588363955921927}, "smoothing_factors": {"rsi_0": 0, "rsi_1": 0.4750509123889639, "sma_0": 0.6741852950900481, "sma_1": 2.7103201409049684, "ema_0": 0.5304771541181754, "ema_1": 4.237924112539497, "ema_2": 0.3035481958747903, "ema_3": 2.3750538534473318, "cci_0": 0.2643545500810601, "cci_1": 1.0308756591734778, "cci_2": 0.5073335856566897, "eom_0": 1.4720653060006943, "eom_1": 1.0124584235177685, "oc_gradient_0": 1.9030310937303123, "volume_0": 1.956239522403194, "volatility_0": 3.2472349117831687}, "amplification_factor": {"volume_0": 1.3308015591465272, "volatility_0": 2.3500225475575145}, "flip": {"rsi_0": false, "rsi_1": false, "sma_0": false, "sma_1": false, "ema_0": false, "ema_1": false, "ema_2": false, "ema_3": false, "cci_0": false, "cci_1": false, "cci_2": false, "eom_0": false, "eom_1": false, "oc_gradient_0": false, "volume_0": false, "volatility_0": false}, "major_spline_standard_upper_thresholds": 0.3, "major_spline_standard_lower_thresholds": -0.5110979431061051}, "indicator_properties": {"timeframes": {"rsi_0": 45, "rsi_1": 107, "sma_0_1": 93, "sma_0_2": 172, "sma_1_1": 61, "sma_1_2": 137, "ema_0_1": 15, "ema_0_2": 177, "ema_1_1": 67, "ema_1_2": 209, "ema_2_1": 45, "ema_2_2": 245, "ema_3_1": 37, "ema_3_2": 224, "cci_0": 124, "cci_1": 136, "cci_2": 65, "eom_0": 19, "eom_1": 203, "volatility_0": 41, "threshold_timeframe": 52}, "rsi_standard_upper_thresholds": {"rsi_0": 57, "rsi_1": 75}, "rsi_standard_lower_thresholds": {"rsi_0": 15, "rsi_1": 25}}, "general_settings": {"spline_interpolation_factor": 4, "threshold_setting": 2, "buffer_setting": 1, "include_triggers_in_bb_signal": {"rsi": true, "sma": false, "ema": false, "cci": false, "eom": false, "oc_gradient": false}, "rsi_buffer_setting": 0}}