{"indicators_count": {"rsi": 2, "sma": 2, "ema": 4, "lwma": 0, "cci": 3, "eom": 2, "oc_gradient": 1}, "spline_property": {"weights": {"rsi_0": 6.638399359915544, "rsi_1": 9.90252466084545, "sma_0": 0.647644025327494, "sma_1": 0.5344745964828723, "ema_0": 0, "ema_1": 7.293285450681926, "ema_2": 6.966423357627617, "ema_3": 8.83790114178932, "cci_0": 2.0044592881418373, "cci_1": 3.7215853852058496, "cci_2": 9.435508873800613, "eom_0": 3.7778704833877317, "eom_1": 8.812368234754775, "oc_gradient_0": 3.898057420269756}, "smoothing_factors": {"rsi_0": 1.143400013315547, "rsi_1": 1.8868577420310602, "sma_0": 1.9795494509538496, "sma_1": 1.4134906131005172, "ema_0": 0.8682305472969609, "ema_1": 0.08676706918767718, "ema_2": 0.3523687356509398, "ema_3": 1.2067782737303023, "cci_0": 0.3107705126297031, "cci_1": 1.4576283142000817, "cci_2": 0.9230863290423452, "eom_0": 1.5620941356690596, "eom_1": 1.9314023434224308, "oc_gradient_0": 0.10786835834307484, "volume_0": 1.9348711535296756, "volatility_0": 1.0135210826789633}, "amplification_factor": {"volume_0": 1.3339613946899482, "volatility_0": 1.7347650251751294}, "flip": {"rsi_0": false, "rsi_1": false, "sma_0": false, "sma_1": true, "ema_0": false, "ema_1": true, "ema_2": false, "ema_3": true, "cci_0": false, "cci_1": false, "cci_2": false, "eom_0": false, "eom_1": false, "oc_gradient_0": false, "volume_0": false, "volatility_0": false}, "major_spline_standard_upper_thresholds": 0.38836428489652935, "major_spline_standard_lower_thresholds": -0.3}, "indicator_properties": {"timeframes": {"rsi_0": 229, "rsi_1": 249, "sma_0_1": 87, "sma_0_2": 184, "sma_1_1": 43, "sma_1_2": 248, "ema_0_1": 98, "ema_0_2": 224, "ema_1_1": 46, "ema_1_2": 177, "ema_2_1": 65, "ema_2_2": 160, "ema_3_1": 38, "ema_3_2": 214, "cci_0": 103, "cci_1": 208, "cci_2": 87, "eom_0": 130, "eom_1": 17, "volatility_0": 68, "threshold_timeframe": 26}, "rsi_standard_upper_thresholds": {"rsi_0": 70, "rsi_1": 63}, "rsi_standard_lower_thresholds": {"rsi_0": 36, "rsi_1": 19}}, "general_settings": {"spline_interpolation_factor": 4, "threshold_setting": 2, "buffer_setting": 1, "include_triggers_in_bb_signal": {"rsi": true, "sma": false, "ema": false, "cci": false, "eom": false, "oc_gradient": false}, "rsi_buffer_setting": 0}}