{"indicators_count": {"rsi": 2, "sma": 2, "ema": 4, "lwma": 0, "cci": 3, "eom": 2, "oc_gradient": 1}, "spline_property": {"weights": {"rsi_0": 3.280208911869501, "rsi_1": 4.954919348580101, "sma_0": 7.080843824057389, "sma_1": 7.8214748389831295, "ema_0": 2.1285341900094523, "ema_1": 3.7237805534256214, "ema_2": 4.0638536036875665, "ema_3": 2.462289809147866, "cci_0": 1.6776466683820745, "cci_1": 0.9406573290057596, "cci_2": 8.78961700781376, "eom_0": 9.374948740811227, "eom_1": 0.8622945245559455, "oc_gradient_0": 8.003256729727308}, "smoothing_factors": {"rsi_0": 0, "rsi_1": 1.2000582786839114, "sma_0": 2.864146387342328, "sma_1": 1.1457218003966978, "ema_0": 1.7113810607018531, "ema_1": 1.8952059114482136, "ema_2": 1.2912802946004367, "ema_3": 0.971944103725732, "cci_0": 1.260916456879782, "cci_1": 0, "cci_2": 0.36955605074098985, "eom_0": 0.6582199607383323, "eom_1": 0.9068860039108757, "oc_gradient_0": 0.4331717381750896, "volume_0": 1.9869003336670283, "volatility_0": 0.3227585163959703}, "amplification_factor": {"volume_0": 2.891401417215885, "volatility_0": 2.054116638827914}, "flip": {"rsi_0": false, "rsi_1": false, "sma_0": true, "sma_1": false, "ema_0": false, "ema_1": true, "ema_2": true, "ema_3": false, "cci_0": true, "cci_1": false, "cci_2": false, "eom_0": false, "eom_1": false, "oc_gradient_0": false, "volume_0": false, "volatility_0": false}, "major_spline_standard_upper_thresholds": 0.31797803705873534, "major_spline_standard_lower_thresholds": -0.4288336306209268}, "indicator_properties": {"timeframes": {"rsi_0": 90, "rsi_1": 76, "sma_0_1": 78, "sma_0_2": 218, "sma_1_1": 45, "sma_1_2": 173, "ema_0_1": 57, "ema_0_2": 235, "ema_1_1": 97, "ema_1_2": 205, "ema_2_1": 12, "ema_2_2": 200, "ema_3_1": 14, "ema_3_2": 185, "cci_0": 129, "cci_1": 208, "cci_2": 35, "eom_0": 222, "eom_1": 63, "volatility_0": 173, "threshold_timeframe": 20}, "rsi_standard_upper_thresholds": {"rsi_0": 56, "rsi_1": 69}, "rsi_standard_lower_thresholds": {"rsi_0": 16, "rsi_1": 45}}, "general_settings": {"spline_interpolation_factor": 4, "threshold_setting": 2, "buffer_setting": 1, "include_triggers_in_bb_signal": {"rsi": true, "sma": false, "ema": false, "cci": false, "eom": false, "oc_gradient": false}, "rsi_buffer_setting": 0}}