{"indicators_count": {"rsi": 2, "sma": 2, "ema": 4, "lwma": 0, "cci": 3, "eom": 2, "oc_gradient": 1}, "spline_property": {"weights": {"rsi_0": 8.60971499994426, "rsi_1": 3.459582188085313, "sma_0": 8.599255999079844, "sma_1": 7.591687001612859, "ema_0": 0.8449569658158045, "ema_1": 7.454236425552195, "ema_2": 6.435570963023185, "ema_3": 10.197120584187727, "cci_0": 5.02933514545955, "cci_1": 9.876118177256167, "cci_2": 3.1125485987043007, "eom_0": 7.526182875209604, "eom_1": 6.410787439647796, "oc_gradient_0": 9.710674086464907}, "smoothing_factors": {"rsi_0": 0.9720008316835153, "rsi_1": 1.4167419926528135, "sma_0": 0.8461388322980455, "sma_1": 0.01442092375155396, "ema_0": 0.9384469233001193, "ema_1": 0.4161130482014253, "ema_2": 0.9956775606291074, "ema_3": 0.5548813826191099, "cci_0": 1.3670547292784163, "cci_1": 1.0708318894002604, "cci_2": 0.08298682857630979, "eom_0": 1.6660415363538674, "eom_1": 0.6056684016713622, "oc_gradient_0": 0.9278707294247606, "volume_0": 2.0600207182032824, "volatility_0": 2.2765345750762545}, "amplification_factor": {"volume_0": 2.6986708060510662, "volatility_0": 1.980353120310589}, "flip": {"rsi_0": false, "rsi_1": false, "sma_0": false, "sma_1": false, "ema_0": false, "ema_1": false, "ema_2": false, "ema_3": false, "cci_0": false, "cci_1": false, "cci_2": false, "eom_0": false, "eom_1": false, "oc_gradient_0": false, "volume_0": false, "volatility_0": false}, "major_spline_standard_upper_thresholds": 0.34871364651090136, "major_spline_standard_lower_thresholds": -0.41221123466486564}, "indicator_properties": {"timeframes": {"rsi_0": 174, "rsi_1": 224, "sma_0_1": 60, "sma_0_2": 154, "sma_1_1": 71, "sma_1_2": 189, "ema_0_1": 26, "ema_0_2": 196, "ema_1_1": 12, "ema_1_2": 211, "ema_2_1": 91, "ema_2_2": 224, "ema_3_1": 81, "ema_3_2": 158, "cci_0": 141, "cci_1": 119, "cci_2": 109, "eom_0": 56, "eom_1": 135, "volatility_0": 170, "threshold_timeframe": 22}, "rsi_standard_upper_thresholds": {"rsi_0": 65, "rsi_1": 71}, "rsi_standard_lower_thresholds": {"rsi_0": 49, "rsi_1": 26}}, "general_settings": {"spline_interpolation_factor": 4, "threshold_setting": 2, "buffer_setting": 1, "include_triggers_in_bb_signal": {"rsi": true, "sma": false, "ema": false, "cci": false, "eom": false, "oc_gradient": false}, "rsi_buffer_setting": 0}}