{"indicators_count": {"rsi": 2, "sma": 2, "ema": 4, "lwma": 0, "cci": 3, "eom": 2, "oc_gradient": 1}, "spline_property": {"weights": {"rsi_0": 6.429295710832688, "rsi_1": 0, "sma_0": 2.0446868863856293, "sma_1": 0.881094601546959, "ema_0": 5.407833236792579, "ema_1": 4.163299314509066, "ema_2": 3.4596668414241294, "ema_3": 7.250015323599928, "cci_0": 6.300584993568031, "cci_1": 0.19296515008525583, "cci_2": 8.350275714531909, "eom_0": 5.103176063697669, "eom_1": 9.040199502805876, "oc_gradient_0": 8.278506214657297}, "smoothing_factors": {"rsi_0": 0.7793245880889546, "rsi_1": 1.702988169582517, "sma_0": 1.2900702086230644, "sma_1": 0.4100492119298208, "ema_0": 1.7114571007409984, "ema_1": 0.6399508188308638, "ema_2": 1.2627042367126162, "ema_3": 0, "cci_0": 0.15950259431051284, "cci_1": 0.2606020332439396, "cci_2": 1.160628178227517, "eom_0": 1.4676015196719625, "eom_1": 0.9496626838937752, "oc_gradient_0": 0.29630942970566654, "volume_0": 1.7362722506736687, "volatility_0": 0.9190845693993017}, "amplification_factor": {"volume_0": 2.058150798463168, "volatility_0": 2.8403765866418227}, "flip": {"rsi_0": false, "rsi_1": false, "sma_0": false, "sma_1": false, "ema_0": false, "ema_1": false, "ema_2": false, "ema_3": true, "cci_0": false, "cci_1": false, "cci_2": false, "eom_0": false, "eom_1": false, "oc_gradient_0": true, "volume_0": false, "volatility_0": false}, "major_spline_standard_upper_thresholds": 0.342735226746476, "major_spline_standard_lower_thresholds": -0.3610809903389099}, "indicator_properties": {"timeframes": {"rsi_0": 129, "rsi_1": 139, "sma_0_1": 28, "sma_0_2": 247, "sma_1_1": 24, "sma_1_2": 166, "ema_0_1": 71, "ema_0_2": 228, "ema_1_1": 88, "ema_1_2": 202, "ema_2_1": 28, "ema_2_2": 230, "ema_3_1": 7, "ema_3_2": 167, "cci_0": 227, "cci_1": 202, "cci_2": 211, "eom_0": 130, "eom_1": 219, "volatility_0": 50, "threshold_timeframe": 20}, "rsi_standard_upper_thresholds": {"rsi_0": 58, "rsi_1": 80}, "rsi_standard_lower_thresholds": {"rsi_0": 40, "rsi_1": 49}}, "general_settings": {"spline_interpolation_factor": 4, "threshold_setting": 2, "buffer_setting": 1, "include_triggers_in_bb_signal": {"rsi": true, "sma": false, "ema": false, "cci": false, "eom": false, "oc_gradient": false}, "rsi_buffer_setting": 0}}