{"indicators_count": {"rsi": 2, "sma": 2, "ema": 4, "lwma": 0, "cci": 3, "eom": 2, "oc_gradient": 1}, "spline_property": {"weights": {"rsi_0": 5.016043836852894, "rsi_1": 8.42437071219964, "sma_0": 6.549787106873019, "sma_1": 8.011815622960423, "ema_0": 1.0845628455547651, "ema_1": 1.595267372153616, "ema_2": 6.458046262197152, "ema_3": 4.2817123491129605, "cci_0": 0.008533677625550684, "cci_1": 7.827112321689455, "cci_2": 9.994989343984502, "eom_0": 4.133412303651052, "eom_1": 8.198573209377965, "oc_gradient_0": 6.185271617756756}, "smoothing_factors": {"rsi_0": 1.8523162505549127, "rsi_1": 0.7771215637025328, "sma_0": 1.222623022019401, "sma_1": 0.9493699746406805, "ema_0": 1.26378251369329, "ema_1": 1.5507471123415564, "ema_2": 0.03149777591071645, "ema_3": 1.8044087122687142, "cci_0": 0.3641262222893178, "cci_1": 0.5238497217177877, "cci_2": 0.3955999685223037, "eom_0": 1.8783441074100005, "eom_1": 1.631861865567912, "oc_gradient_0": 1.9057593369760844, "volume_0": 0.7753550757957623, "volatility_0": 1.4947281616926258}, "amplification_factor": {"volume_0": 1.2765227096825384, "volatility_0": 1.1412707637582327}, "flip": {"rsi_0": false, "rsi_1": false, "sma_0": false, "sma_1": false, "ema_0": false, "ema_1": false, "ema_2": false, "ema_3": false, "cci_0": false, "cci_1": false, "cci_2": false, "eom_0": false, "eom_1": false, "oc_gradient_0": false, "volume_0": false, "volatility_0": false}, "major_spline_standard_upper_thresholds": 0.4641879328925818, "major_spline_standard_lower_thresholds": -0.3023146513314717}, "indicator_properties": {"timeframes": {"rsi_0": 219, "rsi_1": 78, "sma_0_1": 54, "sma_0_2": 207, "sma_1_1": 53, "sma_1_2": 238, "ema_0_1": 40, "ema_0_2": 163, "ema_1_1": 94, "ema_1_2": 158, "ema_2_1": 86, "ema_2_2": 172, "ema_3_1": 26, "ema_3_2": 202, "cci_0": 123, "cci_1": 228, "cci_2": 222, "eom_0": 74, "eom_1": 203, "volatility_0": 131, "threshold_timeframe": 20}, "rsi_standard_upper_thresholds": {"rsi_0": 57, "rsi_1": 74}, "rsi_standard_lower_thresholds": {"rsi_0": 11, "rsi_1": 28}}, "general_settings": {"spline_interpolation_factor": 4, "threshold_setting": 2, "buffer_setting": 1, "include_triggers_in_bb_signal": {"rsi": true, "sma": false, "ema": false, "cci": false, "eom": false, "oc_gradient": false}, "rsi_buffer_setting": 0}}