{"indicators_count": {"rsi": 2, "sma": 2, "ema": 4, "lwma": 0, "cci": 3, "eom": 2, "oc_gradient": 1}, "spline_property": {"weights": {"rsi_0": 5.997068518035902, "rsi_1": 3.974064144929157, "sma_0": 8.319880789551512, "sma_1": 1.4390026818521147, "ema_0": 5.706292394093962, "ema_1": 0.6260714979829363, "ema_2": 5.095531692562148, "ema_3": 9.249686087040478, "cci_0": 4.440068392549874, "cci_1": 1.4537839208450731, "cci_2": 8.192257057343383, "eom_0": 3.4354113544452733, "eom_1": 2.719785784034341, "oc_gradient_0": 0.7607954059883304}, "smoothing_factors": {"rsi_0": 1.6245186970115055, "rsi_1": 0.30291810230673444, "sma_0": 1.4707234984602018, "sma_1": 1.7772725483430143, "ema_0": 0.2626934168911983, "ema_1": 1.9833911998514266, "ema_2": 0.6036380263844475, "ema_3": 1.0643209145332388, "cci_0": 0.4589796548892129, "cci_1": 1.5852502314225707, "cci_2": 1.3374427329691312, "eom_0": 0.5368703456536461, "eom_1": 1.15022844121749, "oc_gradient_0": 0.22367058291516, "volume_0": 1.70108325910552, "volatility_0": 1.414938999965106}, "amplification_factor": {"volume_0": 2.2913427629317766, "volatility_0": 1.5272237885733633}, "flip": {"rsi_0": false, "rsi_1": false, "sma_0": false, "sma_1": false, "ema_0": false, "ema_1": false, "ema_2": false, "ema_3": false, "cci_0": false, "cci_1": false, "cci_2": false, "eom_0": false, "eom_1": false, "oc_gradient_0": false, "volume_0": false, "volatility_0": false}, "major_spline_standard_upper_thresholds": 0.5408888696161429, "major_spline_standard_lower_thresholds": -0.5722651069377304}, "indicator_properties": {"timeframes": {"rsi_0": 33, "rsi_1": 116, "sma_0_1": 77, "sma_0_2": 179, "sma_1_1": 58, "sma_1_2": 240, "ema_0_1": 70, "ema_0_2": 212, "ema_1_1": 62, "ema_1_2": 242, "ema_2_1": 60, "ema_2_2": 150, "ema_3_1": 24, "ema_3_2": 249, "cci_0": 56, "cci_1": 161, "cci_2": 131, "eom_0": 84, "eom_1": 26, "volatility_0": 102, "threshold_timeframe": 20}, "rsi_standard_upper_thresholds": {"rsi_0": 59, "rsi_1": 60}, "rsi_standard_lower_thresholds": {"rsi_0": 49, "rsi_1": 28}}, "general_settings": {"spline_interpolation_factor": 4, "threshold_setting": 2, "buffer_setting": 1, "include_triggers_in_bb_signal": {"rsi": true, "sma": false, "ema": false, "cci": false, "eom": false, "oc_gradient": false}, "rsi_buffer_setting": 0}}