{"indicators_count": {"rsi": 2, "sma": 2, "ema": 4, "lwma": 0, "cci": 3, "eom": 2, "oc_gradient": 1}, "spline_property": {"weights": {"rsi_0": 5.268359823114853, "rsi_1": 3.110430035834637, "sma_0": 2.9396732526575464, "sma_1": 6.401009665278193, "ema_0": 0, "ema_1": 6.885217313920605, "ema_2": 1.1042546420531514, "ema_3": 0.6683447799132287, "cci_0": 1.7661208849217025, "cci_1": 1.161502153099671, "cci_2": 2.325034479081718, "eom_0": 1.6916474814695488, "eom_1": 4.686418274365932, "oc_gradient_0": 0.6946330335671851}, "smoothing_factors": {"rsi_0": 0.7719606498425977, "rsi_1": 3.8397232298526154, "sma_0": 0.8563978400444374, "sma_1": 1.4200947363238396, "ema_0": 0.8416808249912118, "ema_1": 1.675441654971034, "ema_2": 0, "ema_3": 1.852128905519642, "cci_0": 0.3185765279952101, "cci_1": 0, "cci_2": 2.2732090078810026, "eom_0": 1.1591400892608217, "eom_1": 0.26305412709100123, "oc_gradient_0": 0.8170213574838305, "volume_0": 0.7492667394105236, "volatility_0": 1.2275648845407665}, "amplification_factor": {"volume_0": 0.0953146691161989, "volatility_0": 1.0769770076251355}, "flip": {"rsi_0": false, "rsi_1": false, "sma_0": false, "sma_1": false, "ema_0": false, "ema_1": false, "ema_2": false, "ema_3": false, "cci_0": false, "cci_1": false, "cci_2": false, "eom_0": false, "eom_1": false, "oc_gradient_0": false, "volume_0": false, "volatility_0": false}, "major_spline_standard_upper_thresholds": 0.5991466206369583, "major_spline_standard_lower_thresholds": -0.5865924472841382}, "indicator_properties": {"timeframes": {"rsi_0": 228, "rsi_1": 138, "sma_0_1": 101, "sma_0_2": 180, "sma_1_1": 24, "sma_1_2": 197, "ema_0_1": 23, "ema_0_2": 178, "ema_1_1": 45, "ema_1_2": 230, "ema_2_1": 40, "ema_2_2": 236, "ema_3_1": 32, "ema_3_2": 234, "cci_0": 165, "cci_1": 136, "cci_2": 60, "eom_0": 108, "eom_1": 26, "volatility_0": 34, "threshold_timeframe": 21}, "rsi_standard_upper_thresholds": {"rsi_0": 69, "rsi_1": 58}, "rsi_standard_lower_thresholds": {"rsi_0": 10, "rsi_1": 45}}, "general_settings": {"spline_interpolation_factor": 4, "threshold_setting": 2, "buffer_setting": 1, "include_triggers_in_bb_signal": {"rsi": true, "sma": false, "ema": false, "cci": false, "eom": false, "oc_gradient": false}, "rsi_buffer_setting": 0}}