{"indicators_count": {"rsi": 2, "sma": 2, "ema": 4, "lwma": 0, "cci": 3, "eom": 2, "oc_gradient": 1}, "spline_property": {"weights": {"rsi_0": 4.533822339797128, "rsi_1": 6.979393380834908, "sma_0": 4.202117250587284, "sma_1": 7.067486424399354, "ema_0": 1.275254331642138, "ema_1": 6.512844037328636, "ema_2": 8.909256232914823, "ema_3": 1.5040976506430415, "cci_0": 6.27259380052196, "cci_1": 1.7042988939774217, "cci_2": 7.482597091541551, "eom_0": 8.066630080495491, "eom_1": 8.747424435188783, "oc_gradient_0": 7.2579523446940115}, "smoothing_factors": {"rsi_0": 1.8834796822732198, "rsi_1": 1.525505876959489, "sma_0": 0.2510482313843532, "sma_1": 1.750318809739749, "ema_0": 0.6084312944753975, "ema_1": 0.6548812773122685, "ema_2": 0.7511550365299807, "ema_3": 0.7966958560117571, "cci_0": 0.7138412728035439, "cci_1": 0.7626078890932826, "cci_2": 0.07076469357985116, "eom_0": 1.7287625086210592, "eom_1": 0.3045858685185945, "oc_gradient_0": 0, "volume_0": 1.1662042579097767, "volatility_0": 1.7400002703688962}, "amplification_factor": {"volume_0": 1.5467931685183198, "volatility_0": 1.894179622370163}, "flip": {"rsi_0": false, "rsi_1": false, "sma_0": false, "sma_1": false, "ema_0": false, "ema_1": false, "ema_2": false, "ema_3": false, "cci_0": false, "cci_1": false, "cci_2": false, "eom_0": false, "eom_1": false, "oc_gradient_0": false, "volume_0": false, "volatility_0": false}, "major_spline_standard_upper_thresholds": 0.36611405309832123, "major_spline_standard_lower_thresholds": -0.42558077611372275}, "indicator_properties": {"timeframes": {"rsi_0": 129, "rsi_1": 168, "sma_0_1": 93, "sma_0_2": 217, "sma_1_1": 33, "sma_1_2": 166, "ema_0_1": 73, "ema_0_2": 181, "ema_1_1": 47, "ema_1_2": 153, "ema_2_1": 5, "ema_2_2": 181, "ema_3_1": 93, "ema_3_2": 212, "cci_0": 244, "cci_1": 226, "cci_2": 31, "eom_0": 148, "eom_1": 150, "volatility_0": 115, "threshold_timeframe": 19}, "rsi_standard_upper_thresholds": {"rsi_0": 64, "rsi_1": 83}, "rsi_standard_lower_thresholds": {"rsi_0": 13, "rsi_1": 44}}, "general_settings": {"spline_interpolation_factor": 4, "threshold_setting": 2, "buffer_setting": 1, "include_triggers_in_bb_signal": {"rsi": true, "sma": false, "ema": false, "cci": false, "eom": false, "oc_gradient": false}, "rsi_buffer_setting": 0}}