{"indicators_count": {"rsi": 2, "sma": 2, "ema": 4, "lwma": 0, "cci": 3, "eom": 2, "oc_gradient": 1}, "spline_property": {"weights": {"rsi_0": 7.088884133379883, "rsi_1": 8.838812959288285, "sma_0": 3.3505227191039664, "sma_1": 8.09697941215925, "ema_0": 2.978388046853524, "ema_1": 1.369309378742155, "ema_2": 3.9477476524323563, "ema_3": 0, "cci_0": 6.9500676211727015, "cci_1": 1.806113291001007, "cci_2": 1.066302022926251, "eom_0": 8.29052569926656, "eom_1": 5.455831797278226, "oc_gradient_0": 6.012767105418108}, "smoothing_factors": {"rsi_0": 0.5617601485480852, "rsi_1": 0.48714323599326215, "sma_0": 1.046383794177601, "sma_1": 0.3315855790678186, "ema_0": 0.3810441858606979, "ema_1": 0.3185981196359915, "ema_2": 1.5374182164165948, "ema_3": 0.9199141203400796, "cci_0": 1.1547728280273926, "cci_1": 0.6369142805180332, "cci_2": 0.7207131896238241, "eom_0": 0.1755420366896292, "eom_1": 0.7606324883606768, "oc_gradient_0": 1.5081807326992418, "volume_0": 0.4620612043799064, "volatility_0": 0.44694351417937805}, "amplification_factor": {"volume_0": 2.4049676577422945, "volatility_0": 1.6368367416357914}, "flip": {"rsi_0": true, "rsi_1": false, "sma_0": false, "sma_1": false, "ema_0": false, "ema_1": false, "ema_2": true, "ema_3": true, "cci_0": false, "cci_1": false, "cci_2": false, "eom_0": false, "eom_1": false, "oc_gradient_0": false, "volume_0": false, "volatility_0": false}, "major_spline_standard_upper_thresholds": 0.401407643832762, "major_spline_standard_lower_thresholds": -0.4094107592391746}, "indicator_properties": {"timeframes": {"rsi_0": 250, "rsi_1": 150, "sma_0_1": 11, "sma_0_2": 146, "sma_1_1": 28, "sma_1_2": 248, "ema_0_1": 29, "ema_0_2": 232, "ema_1_1": 95, "ema_1_2": 207, "ema_2_1": 13, "ema_2_2": 249, "ema_3_1": 74, "ema_3_2": 215, "cci_0": 244, "cci_1": 74, "cci_2": 149, "eom_0": 61, "eom_1": 67, "volatility_0": 118, "threshold_timeframe": 25}, "rsi_standard_upper_thresholds": {"rsi_0": 56, "rsi_1": 57}, "rsi_standard_lower_thresholds": {"rsi_0": 31, "rsi_1": 20}}, "general_settings": {"spline_interpolation_factor": 4, "threshold_setting": 2, "buffer_setting": 1, "include_triggers_in_bb_signal": {"rsi": true, "sma": false, "ema": false, "cci": false, "eom": false, "oc_gradient": false}, "rsi_buffer_setting": 0}}