{"indicators_count": {"rsi": 2, "sma": 2, "ema": 4, "lwma": 0, "cci": 3, "eom": 2, "oc_gradient": 1}, "spline_property": {"weights": {"rsi_0": 9.391566704801937, "rsi_1": 1.6066133997920886, "sma_0": 7.096669011339848, "sma_1": 1.9396194996404805, "ema_0": 5.508669416715817, "ema_1": 3.8647007424867756, "ema_2": 2.000429747699098, "ema_3": 6.527556853891142, "cci_0": 6.7438001863124395, "cci_1": 7.532080924351912, "cci_2": 0.003292675113708985, "eom_0": 6.9664931260199285, "eom_1": 0.5202450612494127, "oc_gradient_0": 1.0620013785228717}, "smoothing_factors": {"rsi_0": 0, "rsi_1": 1.4127003621907388, "sma_0": 0.9416055348441834, "sma_1": 0.18254497786093532, "ema_0": 0, "ema_1": 0, "ema_2": 0.6153075939389291, "ema_3": 2.2016347706737163, "cci_0": 2.395017143973292, "cci_1": 2.3143050632673416, "cci_2": 1.7596138393610696, "eom_0": 0, "eom_1": 2.1457611134103782, "oc_gradient_0": 2.1333196783144155, "volume_0": 1.1265929262308372, "volatility_0": 0.9083287675702352}, "amplification_factor": {"volume_0": 0.6463827283966156, "volatility_0": 1.7564366159136022}, "flip": {"rsi_0": false, "rsi_1": false, "sma_0": false, "sma_1": false, "ema_0": false, "ema_1": false, "ema_2": false, "ema_3": false, "cci_0": false, "cci_1": false, "cci_2": false, "eom_0": false, "eom_1": false, "oc_gradient_0": false, "volume_0": false, "volatility_0": false}, "major_spline_standard_upper_thresholds": 0.5579839117430279, "major_spline_standard_lower_thresholds": -0.5914201500905256}, "indicator_properties": {"timeframes": {"rsi_0": 200, "rsi_1": 51, "sma_0_1": 67, "sma_0_2": 173, "sma_1_1": 25, "sma_1_2": 244, "ema_0_1": 29, "ema_0_2": 165, "ema_1_1": 38, "ema_1_2": 189, "ema_2_1": 96, "ema_2_2": 195, "ema_3_1": 19, "ema_3_2": 179, "cci_0": 152, "cci_1": 78, "cci_2": 2, "eom_0": 109, "eom_1": 225, "volatility_0": 112, "threshold_timeframe": 10}, "rsi_standard_upper_thresholds": {"rsi_0": 52, "rsi_1": 60}, "rsi_standard_lower_thresholds": {"rsi_0": 48, "rsi_1": 42}}, "general_settings": {"spline_interpolation_factor": 4, "threshold_setting": 2, "buffer_setting": 1, "include_triggers_in_bb_signal": {"rsi": true, "sma": false, "ema": false, "cci": false, "eom": false, "oc_gradient": false}, "rsi_buffer_setting": 0}}