{"indicators_count": {"rsi": 2, "sma": 2, "ema": 4, "lwma": 0, "cci": 3, "eom": 2, "oc_gradient": 1}, "spline_property": {"weights": {"rsi_0": 8.151258061364512, "rsi_1": 5.090386699700904, "sma_0": 7.5813425396258065, "sma_1": 9.04065872181972, "ema_0": 7.980893125662893, "ema_1": 3.489070221048949, "ema_2": 0.12176679072766872, "ema_3": 6.051248564895301, "cci_0": 4.434122009926185, "cci_1": 0.9213697884281824, "cci_2": 5.686346485965249, "eom_0": 2.665439538415054, "eom_1": 7.016412225004858, "oc_gradient_0": 3.4209604906792066}, "smoothing_factors": {"rsi_0": 1.301510129993239, "rsi_1": 0.7541723699599523, "sma_0": 1.94775471356793, "sma_1": 0.6758777777564806, "ema_0": 1.2460257703484696, "ema_1": 0.7029051270402127, "ema_2": 0.4975052678166365, "ema_3": 1.3066087117396776, "cci_0": 1.8621202197065265, "cci_1": 1.0162902674849892, "cci_2": 0.5818547202754072, "eom_0": 1.4645578060504048, "eom_1": 1.3095196846856252, "oc_gradient_0": 0.9704878258633067, "volume_0": 1.3916481183823157, "volatility_0": 0.9202696394316208}, "amplification_factor": {"volume_0": 2.5316960509290105, "volatility_0": 1.3765598285940581}, "flip": {"rsi_0": false, "rsi_1": false, "sma_0": false, "sma_1": false, "ema_0": false, "ema_1": false, "ema_2": false, "ema_3": false, "cci_0": false, "cci_1": false, "cci_2": false, "eom_0": false, "eom_1": false, "oc_gradient_0": false, "volume_0": false, "volatility_0": false}, "major_spline_standard_upper_thresholds": 0.32044766350972376, "major_spline_standard_lower_thresholds": -0.5809607517626609}, "indicator_properties": {"timeframes": {"rsi_0": 61, "rsi_1": 59, "sma_0_1": 29, "sma_0_2": 196, "sma_1_1": 100, "sma_1_2": 173, "ema_0_1": 36, "ema_0_2": 156, "ema_1_1": 28, "ema_1_2": 219, "ema_2_1": 62, "ema_2_2": 176, "ema_3_1": 4, "ema_3_2": 209, "cci_0": 238, "cci_1": 61, "cci_2": 152, "eom_0": 206, "eom_1": 89, "volatility_0": 194, "threshold_timeframe": 20}, "rsi_standard_upper_thresholds": {"rsi_0": 59, "rsi_1": 81}, "rsi_standard_lower_thresholds": {"rsi_0": 19, "rsi_1": 47}}, "general_settings": {"spline_interpolation_factor": 4, "threshold_setting": 2, "buffer_setting": 1, "include_triggers_in_bb_signal": {"rsi": true, "sma": false, "ema": false, "cci": false, "eom": false, "oc_gradient": false}, "rsi_buffer_setting": 0}}