{"indicators_count": {"rsi": 2, "sma": 2, "ema": 4, "lwma": 0, "cci": 3, "eom": 2, "oc_gradient": 1}, "spline_property": {"weights": {"rsi_0": 4.437758237713356, "rsi_1": 3.4397499692650637, "sma_0": 3.5898144723523506, "sma_1": 7.207223719642202, "ema_0": 8.967860247025989, "ema_1": 0.6911313235538286, "ema_2": 6.495674613604323, "ema_3": 2.916177768695537, "cci_0": 7.646340277629825, "cci_1": 1.4686384064579365, "cci_2": 1.9963674168887449, "eom_0": 7.7060793463447865, "eom_1": 2.27649793672718, "oc_gradient_0": 8.506490295259193}, "smoothing_factors": {"rsi_0": 0.841984667484055, "rsi_1": 0.6281395922060218, "sma_0": 1.0215572967933781, "sma_1": 1.4512982810830697, "ema_0": 0.7104529991491293, "ema_1": 1.5276329317541903, "ema_2": 0.7025676208596228, "ema_3": 0.9165078376587386, "cci_0": 1.9668478941358938, "cci_1": 2.0864946155181308, "cci_2": 0.7769844546587963, "eom_0": 1.4763465786594923, "eom_1": 1.901922824330271, "oc_gradient_0": 0.049270823947463516, "volume_0": 1.4747047940638085, "volatility_0": 0.7649152215839031}, "amplification_factor": {"volume_0": 1.2249938614946592, "volatility_0": 2.5487229677364063}, "flip": {"rsi_0": false, "rsi_1": false, "sma_0": false, "sma_1": false, "ema_0": false, "ema_1": false, "ema_2": false, "ema_3": false, "cci_0": false, "cci_1": false, "cci_2": false, "eom_0": false, "eom_1": false, "oc_gradient_0": false, "volume_0": false, "volatility_0": false}, "major_spline_standard_upper_thresholds": 0.4519051991228136, "major_spline_standard_lower_thresholds": -0.6}, "indicator_properties": {"timeframes": {"rsi_0": 107, "rsi_1": 166, "sma_0_1": 21, "sma_0_2": 244, "sma_1_1": 100, "sma_1_2": 209, "ema_0_1": 85, "ema_0_2": 212, "ema_1_1": 29, "ema_1_2": 196, "ema_2_1": 75, "ema_2_2": 195, "ema_3_1": 31, "ema_3_2": 171, "cci_0": 123, "cci_1": 185, "cci_2": 200, "eom_0": 219, "eom_1": 102, "volatility_0": 46, "threshold_timeframe": 20}, "rsi_standard_upper_thresholds": {"rsi_0": 59, "rsi_1": 63}, "rsi_standard_lower_thresholds": {"rsi_0": 47, "rsi_1": 44}}, "general_settings": {"spline_interpolation_factor": 4, "threshold_setting": 2, "buffer_setting": 1, "include_triggers_in_bb_signal": {"rsi": true, "sma": false, "ema": false, "cci": false, "eom": false, "oc_gradient": false}, "rsi_buffer_setting": 0}}