{"indicators_count": {"rsi": 2, "sma": 2, "ema": 4, "lwma": 0, "cci": 3, "eom": 2, "oc_gradient": 1}, "spline_property": {"weights": {"rsi_0": 0.5768749374508542, "rsi_1": 4.5857439922339776, "sma_0": 1.3755176793758173, "sma_1": 8.859306120429896, "ema_0": 2.794334616072689, "ema_1": 8.026009497140901, "ema_2": 3.8508722580076067, "ema_3": 6.481636148101394, "cci_0": 8.035965494000695, "cci_1": 7.298072806627969, "cci_2": 6.69687693420003, "eom_0": 7.59807369125156, "eom_1": 1.7200810178626813, "oc_gradient_0": 3.1490669313343647}, "smoothing_factors": {"rsi_0": 1.130070185925202, "rsi_1": 1.987493922596659, "sma_0": 0.3752558814993033, "sma_1": 0.8165718295679889, "ema_0": 2.0615017498030324, "ema_1": 1.848172751404152, "ema_2": 1.7680420199440001, "ema_3": 1.2648261960983656, "cci_0": 1.2247422065706182, "cci_1": 1.6771334601670391, "cci_2": 0.8687074564567527, "eom_0": 1.7842538083892974, "eom_1": 0.8101048935055188, "oc_gradient_0": 0.4612685581911319, "volume_0": 1.4192154085414188, "volatility_0": 0.49808607388106196}, "amplification_factor": {"volume_0": 2.2633655941071718, "volatility_0": 2.6124702110681612}, "flip": {"rsi_0": false, "rsi_1": false, "sma_0": false, "sma_1": false, "ema_0": false, "ema_1": false, "ema_2": false, "ema_3": false, "cci_0": false, "cci_1": false, "cci_2": false, "eom_0": false, "eom_1": false, "oc_gradient_0": false, "volume_0": false, "volatility_0": false}, "major_spline_standard_upper_thresholds": 0.3415576175315424, "major_spline_standard_lower_thresholds": -0.44889866575264925}, "indicator_properties": {"timeframes": {"rsi_0": 160, "rsi_1": 193, "sma_0_1": 85, "sma_0_2": 236, "sma_1_1": 62, "sma_1_2": 155, "ema_0_1": 83, "ema_0_2": 188, "ema_1_1": 56, "ema_1_2": 165, "ema_2_1": 22, "ema_2_2": 203, "ema_3_1": 79, "ema_3_2": 227, "cci_0": 130, "cci_1": 196, "cci_2": 52, "eom_0": 157, "eom_1": 236, "volatility_0": 102, "threshold_timeframe": 20}, "rsi_standard_upper_thresholds": {"rsi_0": 65, "rsi_1": 88}, "rsi_standard_lower_thresholds": {"rsi_0": 22, "rsi_1": 27}}, "general_settings": {"spline_interpolation_factor": 4, "threshold_setting": 2, "buffer_setting": 1, "include_triggers_in_bb_signal": {"rsi": true, "sma": false, "ema": false, "cci": false, "eom": false, "oc_gradient": false}, "rsi_buffer_setting": 0}}