{"indicators_count": {"rsi": 2, "sma": 2, "ema": 4, "lwma": 0, "cci": 3, "eom": 2, "oc_gradient": 1}, "spline_property": {"weights": {"rsi_0": 7.1751789268709665, "rsi_1": 9.792727747152565, "sma_0": 8.956018243433974, "sma_1": 1.7120918638737093, "ema_0": 0.3609446774991052, "ema_1": 9.777648165447843, "ema_2": 5.601014484873742, "ema_3": 0.17654232151586569, "cci_0": 1.1942757288117711, "cci_1": 0.6731872787200133, "cci_2": 0.15749322614233008, "eom_0": 0.6934740601430633, "eom_1": 8.575830078348213, "oc_gradient_0": 9.942932860046458}, "smoothing_factors": {"rsi_0": 1.0687128949097717, "rsi_1": 0.545345579450911, "sma_0": 0.07701596676119116, "sma_1": 1.5135205898403967, "ema_0": 0.7078105157351318, "ema_1": 1.031891277326664, "ema_2": 0.3716703412484985, "ema_3": 1.1691216871947914, "cci_0": 1.7175896088431455, "cci_1": 0.22479927869854066, "cci_2": 1.1643181803059974, "eom_0": 1.688449859499606, "eom_1": 0.08561393212441226, "oc_gradient_0": 0.42675611370845545, "volume_0": 1.157703352819894, "volatility_0": 0.38356481943703336}, "amplification_factor": {"volume_0": 0.7041450176158871, "volatility_0": 0.703827796396854}, "flip": {"rsi_0": false, "rsi_1": false, "sma_0": false, "sma_1": false, "ema_0": false, "ema_1": true, "ema_2": false, "ema_3": false, "cci_0": false, "cci_1": false, "cci_2": false, "eom_0": false, "eom_1": false, "oc_gradient_0": true, "volume_0": false, "volatility_0": false}, "major_spline_standard_upper_thresholds": 0.31658394154650027, "major_spline_standard_lower_thresholds": -0.5739852883072666}, "indicator_properties": {"timeframes": {"rsi_0": 76, "rsi_1": 208, "sma_0_1": 16, "sma_0_2": 204, "sma_1_1": 17, "sma_1_2": 154, "ema_0_1": 18, "ema_0_2": 185, "ema_1_1": 91, "ema_1_2": 166, "ema_2_1": 52, "ema_2_2": 244, "ema_3_1": 99, "ema_3_2": 183, "cci_0": 105, "cci_1": 84, "cci_2": 109, "eom_0": 112, "eom_1": 203, "volatility_0": 128, "threshold_timeframe": 20}, "rsi_standard_upper_thresholds": {"rsi_0": 86, "rsi_1": 74}, "rsi_standard_lower_thresholds": {"rsi_0": 45, "rsi_1": 40}}}