{"indicators_count": {"rsi": 2, "sma": 2, "ema": 4, "lwma": 0, "cci": 3, "eom": 2, "oc_gradient": 1}, "spline_property": {"weights": {"rsi_0": 6.489400446170071, "rsi_1": 1.092160691406901, "sma_0": 6.4987734306539675, "sma_1": 1.4491989427157694, "ema_0": 8.89168724649905, "ema_1": 0.74080839820889, "ema_2": 3.5825205188656426, "ema_3": 8.97563661105398, "cci_0": 3.5165881232987766, "cci_1": 2.599890621138713, "cci_2": 3.5793528742510086, "eom_0": 4.578045244404909, "eom_1": 4.909893222627275, "oc_gradient_0": 1.009174625141065}, "smoothing_factors": {"rsi_0": 1.5236232765622515, "rsi_1": 0.39347099213712555, "sma_0": 2.2359927186864295, "sma_1": 1.2760947989101215, "ema_0": 0, "ema_1": 1.3995426749485373, "ema_2": 0.3048500884896046, "ema_3": 0.11279084799434203, "cci_0": 0.692349212414168, "cci_1": 0.05556582005707189, "cci_2": 0.44985975367941533, "eom_0": 1.5321800924970694, "eom_1": 1.899836171597178, "oc_gradient_0": 3.0341069580743047, "volume_0": 1.681467762540445, "volatility_0": 1.6353354719998663}, "amplification_factor": {"volume_0": 2.3815215948427584, "volatility_0": 2.9759222661055094}, "flip": {"rsi_0": false, "rsi_1": false, "sma_0": true, "sma_1": false, "ema_0": false, "ema_1": false, "ema_2": false, "ema_3": false, "cci_0": true, "cci_1": false, "cci_2": false, "eom_0": false, "eom_1": false, "oc_gradient_0": false, "volume_0": true, "volatility_0": false}, "major_spline_standard_upper_thresholds": 0.4817096647893551, "major_spline_standard_lower_thresholds": -0.3658312740605453}, "indicator_properties": {"timeframes": {"rsi_0": 160, "rsi_1": 124, "sma_0_1": 85, "sma_0_2": 220, "sma_1_1": 96, "sma_1_2": 239, "ema_0_1": 67, "ema_0_2": 251, "ema_1_1": 68, "ema_1_2": 180, "ema_2_1": 18, "ema_2_2": 237, "ema_3_1": 88, "ema_3_2": 159, "cci_0": 245, "cci_1": 84, "cci_2": 211, "eom_0": 89, "eom_1": 88, "volatility_0": 126, "threshold_timeframe": 20}, "rsi_standard_upper_thresholds": {"rsi_0": 57, "rsi_1": 72}, "rsi_standard_lower_thresholds": {"rsi_0": 11, "rsi_1": 35}}, "general_settings": {"spline_interpolation_factor": 4, "threshold_setting": 2, "buffer_setting": 1, "include_triggers_in_bb_signal": {"rsi": true, "sma": false, "ema": false, "cci": false, "eom": false, "oc_gradient": false}, "rsi_buffer_setting": 0}}