{"indicators_count": {"rsi": 2, "sma": 2, "ema": 4, "lwma": 0, "cci": 3, "eom": 2, "oc_gradient": 1}, "spline_property": {"weights": {"rsi_0": 9.380841474269072, "rsi_1": 5.164378775347176, "sma_0": 6.503153635229021, "sma_1": 5.7778874707313435, "ema_0": 9.873776992372855, "ema_1": 1.2293738859917336, "ema_2": 2.7541923832422577, "ema_3": 1.3841860668602801, "cci_0": 7.4713115607080125, "cci_1": 5.768159024275656, "cci_2": 7.08935698065058, "eom_0": 8.743031100467867, "eom_1": 9.11314500975312, "oc_gradient_0": 5.161945577450986}, "smoothing_factors": {"rsi_0": 0, "rsi_1": 1.3453247340960834, "sma_0": 1.3156491139663191, "sma_1": 0.7126580039706325, "ema_0": 1.031492439586395, "ema_1": 0.13155890574713158, "ema_2": 0.34719069140578807, "ema_3": 0.6913390786201604, "cci_0": 1.213012262339646, "cci_1": 1.712093107276184, "cci_2": 0.6888363895226928, "eom_0": 1.4839812201434557, "eom_1": 0.5692423689578967, "oc_gradient_0": 0.5295991081215328, "volume_0": 1.2785205833721889, "volatility_0": 0.22863476909875957}, "amplification_factor": {"volume_0": 2.9620774889383097, "volatility_0": 0.2935715392241566}, "flip": {"rsi_0": false, "rsi_1": false, "sma_0": false, "sma_1": false, "ema_0": false, "ema_1": false, "ema_2": false, "ema_3": false, "cci_0": false, "cci_1": false, "cci_2": false, "eom_0": false, "eom_1": false, "oc_gradient_0": false, "volume_0": false, "volatility_0": false}, "major_spline_standard_upper_thresholds": 0.5172467899467889, "major_spline_standard_lower_thresholds": -0.42596139826759943}, "indicator_properties": {"timeframes": {"rsi_0": 3, "rsi_1": 80, "sma_0_1": 91, "sma_0_2": 172, "sma_1_1": 72, "sma_1_2": 217, "ema_0_1": 27, "ema_0_2": 216, "ema_1_1": 80, "ema_1_2": 156, "ema_2_1": 93, "ema_2_2": 244, "ema_3_1": 7, "ema_3_2": 248, "cci_0": 160, "cci_1": 62, "cci_2": 2, "eom_0": 131, "eom_1": 185, "volatility_0": 230, "threshold_timeframe": 20}, "rsi_standard_upper_thresholds": {"rsi_0": 64, "rsi_1": 57}, "rsi_standard_lower_thresholds": {"rsi_0": 37, "rsi_1": 49}}, "general_settings": {"spline_interpolation_factor": 4, "threshold_setting": 2, "buffer_setting": 1, "include_triggers_in_bb_signal": {"rsi": true, "sma": false, "ema": false, "cci": false, "eom": false, "oc_gradient": false}, "rsi_buffer_setting": 0}}