{"indicators_count": {"rsi": 2, "sma": 2, "ema": 4, "lwma": 0, "cci": 3, "eom": 2, "oc_gradient": 1}, "spline_property": {"weights": {"rsi_0": 5.13380145606587, "rsi_1": 6.8231039864134635, "sma_0": 4.656709253420698, "sma_1": 4.04221581291309, "ema_0": 4.518598739582936, "ema_1": 3.428281157368186, "ema_2": 1.2860834567142283, "ema_3": 5.282489775113289, "cci_0": 9.018020654037016, "cci_1": 9.865523253368528, "cci_2": 0.47547651256231727, "eom_0": 0.16314188766696325, "eom_1": 9.58641444416822, "oc_gradient_0": 8.010818092236615}, "smoothing_factors": {"rsi_0": 0.9254567309521189, "rsi_1": 0.44806899397576627, "sma_0": 0.41723021874760624, "sma_1": 0.9873641637354251, "ema_0": 0.5538406374914755, "ema_1": 1.7454785747212624, "ema_2": 0.23184615600117864, "ema_3": 1.2660742555415028, "cci_0": 0.473756532576159, "cci_1": 0.8262810190709491, "cci_2": 1.3918656912828211, "eom_0": 0.22457123425785863, "eom_1": 0.4797268008433424, "oc_gradient_0": 1.102712084589487, "volume_0": 0.7834256278383112, "volatility_0": 0.9747339585782555}, "amplification_factor": {"volume_0": 2.3326612067529644, "volatility_0": 2.787966502974135}, "flip": {"rsi_0": false, "rsi_1": false, "sma_0": true, "sma_1": true, "ema_0": false, "ema_1": false, "ema_2": false, "ema_3": false, "cci_0": false, "cci_1": false, "cci_2": true, "eom_0": false, "eom_1": false, "oc_gradient_0": true, "volume_0": false, "volatility_0": false}, "major_spline_standard_upper_thresholds": 0.4147314916922352, "major_spline_standard_lower_thresholds": -0.3}, "indicator_properties": {"timeframes": {"rsi_0": 182, "rsi_1": 136, "sma_0_1": 46, "sma_0_2": 202, "sma_1_1": 69, "sma_1_2": 203, "ema_0_1": 25, "ema_0_2": 211, "ema_1_1": 41, "ema_1_2": 237, "ema_2_1": 84, "ema_2_2": 202, "ema_3_1": 63, "ema_3_2": 227, "cci_0": 86, "cci_1": 128, "cci_2": 94, "eom_0": 146, "eom_1": 187, "volatility_0": 158, "threshold_timeframe": 23}, "rsi_standard_upper_thresholds": {"rsi_0": 69, "rsi_1": 66}, "rsi_standard_lower_thresholds": {"rsi_0": 10, "rsi_1": 35}}, "general_settings": {"spline_interpolation_factor": 4, "threshold_setting": 2, "buffer_setting": 1, "include_triggers_in_bb_signal": {"rsi": true, "sma": false, "ema": false, "cci": false, "eom": false, "oc_gradient": false}, "rsi_buffer_setting": 0}}