{"indicators_count": {"rsi": 2, "sma": 2, "ema": 4, "lwma": 0, "cci": 3, "eom": 2, "oc_gradient": 1}, "spline_property": {"weights": {"rsi_0": 2.095423295747173, "rsi_1": 0.041405449743309286, "sma_0": 1.7855447640877398, "sma_1": 3.3583943014061424, "ema_0": 9.179411656505236, "ema_1": 7.168264817992052, "ema_2": 1.2670807834437965, "ema_3": 2.4737053401051003, "cci_0": 4.803083014688971, "cci_1": 4.4361594560403566, "cci_2": 5.313217241574997, "eom_0": 7.773306002263413, "eom_1": 9.59167067725379, "oc_gradient_0": 1.2516129495062343}, "smoothing_factors": {"rsi_0": 0, "rsi_1": 1.1939203200489303, "sma_0": 2.605769647639197, "sma_1": 0.24789873124743733, "ema_0": 1.5256318965863112, "ema_1": 0, "ema_2": 0.45593478572314006, "ema_3": 0, "cci_0": 3.657798502801629, "cci_1": 0.2060107873360939, "cci_2": 0, "eom_0": 2.441352954177935, "eom_1": 1.4515140789667988, "oc_gradient_0": 0, "volume_0": 2.24559397908767, "volatility_0": 1.1376072869317522}, "amplification_factor": {"volume_0": 0.6877644605559632, "volatility_0": 2.147966779904089}, "flip": {"rsi_0": false, "rsi_1": true, "sma_0": false, "sma_1": true, "ema_0": true, "ema_1": true, "ema_2": true, "ema_3": false, "cci_0": true, "cci_1": false, "cci_2": false, "eom_0": false, "eom_1": false, "oc_gradient_0": false, "volume_0": true, "volatility_0": false}, "major_spline_standard_upper_thresholds": 0.339213430653872, "major_spline_standard_lower_thresholds": -0.4649037263308615}, "indicator_properties": {"timeframes": {"rsi_0": 60, "rsi_1": 98, "sma_0_1": 48, "sma_0_2": 249, "sma_1_1": 15, "sma_1_2": 249, "ema_0_1": 79, "ema_0_2": 168, "ema_1_1": 54, "ema_1_2": 192, "ema_2_1": 4, "ema_2_2": 130, "ema_3_1": 110, "ema_3_2": 204, "cci_0": 234, "cci_1": 51, "cci_2": 121, "eom_0": 76, "eom_1": 138, "volatility_0": 123, "threshold_timeframe": 40}, "rsi_standard_upper_thresholds": {"rsi_0": 61, "rsi_1": 60}, "rsi_standard_lower_thresholds": {"rsi_0": 36, "rsi_1": 47}}, "general_settings": {"spline_interpolation_factor": 4, "threshold_setting": 2, "buffer_setting": 1, "include_triggers_in_bb_signal": {"rsi": true, "sma": false, "ema": false, "cci": false, "eom": false, "oc_gradient": false}, "rsi_buffer_setting": 0}}