{"indicators_count": {"rsi": 2, "sma": 2, "ema": 4, "lwma": 0, "cci": 3, "eom": 2, "oc_gradient": 1}, "spline_property": {"weights": {"rsi_0": 9.507616620891618, "rsi_1": 8.33561296078806, "sma_0": 8.540258754211834, "sma_1": 0.6542723551515444, "ema_0": 1.1135686207501672, "ema_1": 0.5219631696569227, "ema_2": 5.958317236043766, "ema_3": 5.90896585389933, "cci_0": 3.0866966877079527, "cci_1": 2.301308217925506, "cci_2": 1.7187068383625315, "eom_0": 8.129879605293976, "eom_1": 7.471722439844562, "oc_gradient_0": 0.030085134926804424}, "smoothing_factors": {"rsi_0": 1.2239721448568064, "rsi_1": 1.5041731212802558, "sma_0": 1.7661819726321561, "sma_1": 0.7181352404232868, "ema_0": 1.143899884075498, "ema_1": 0.31192459239070014, "ema_2": 2.3866715994279044, "ema_3": 1.6366966014929691, "cci_0": 0.27452150322425295, "cci_1": 1.484537781917176, "cci_2": 1.5440636704641073, "eom_0": 1.3921872387830003, "eom_1": 1.5097015184734908, "oc_gradient_0": 0.8308677539713969, "volume_0": 1.619802791382343, "volatility_0": 0.11841078002653327}, "amplification_factor": {"volume_0": 2.6385527999353107, "volatility_0": 2.5178066146478955}, "flip": {"rsi_0": false, "rsi_1": false, "sma_0": false, "sma_1": false, "ema_0": false, "ema_1": false, "ema_2": false, "ema_3": false, "cci_0": false, "cci_1": false, "cci_2": false, "eom_0": false, "eom_1": false, "oc_gradient_0": false, "volume_0": false, "volatility_0": false}, "major_spline_standard_upper_thresholds": 0.4709431539214723, "major_spline_standard_lower_thresholds": -0.5916445256348847}, "indicator_properties": {"timeframes": {"rsi_0": 130, "rsi_1": 86, "sma_0_1": 71, "sma_0_2": 170, "sma_1_1": 69, "sma_1_2": 171, "ema_0_1": 26, "ema_0_2": 196, "ema_1_1": 57, "ema_1_2": 218, "ema_2_1": 76, "ema_2_2": 226, "ema_3_1": 58, "ema_3_2": 180, "cci_0": 215, "cci_1": 87, "cci_2": 124, "eom_0": 219, "eom_1": 53, "volatility_0": 29, "threshold_timeframe": 20}, "rsi_standard_upper_thresholds": {"rsi_0": 88, "rsi_1": 77}, "rsi_standard_lower_thresholds": {"rsi_0": 10, "rsi_1": 35}}, "general_settings": {"spline_interpolation_factor": 4, "threshold_setting": 2, "buffer_setting": 1, "include_triggers_in_bb_signal": {"rsi": true, "sma": false, "ema": false, "cci": false, "eom": false, "oc_gradient": false}, "rsi_buffer_setting": 0}}