{"indicators_count": {"rsi": 2, "sma": 2, "ema": 4, "lwma": 0, "cci": 3, "eom": 2, "oc_gradient": 1}, "spline_property": {"weights": {"rsi_0": 0.28273913427240505, "rsi_1": 9.771764550965374, "sma_0": 4.2128377694412915, "sma_1": 4.532120055082996, "ema_0": 5.772871971645197, "ema_1": 6.150129960569197, "ema_2": 4.8106219159030665, "ema_3": 6.686776875007511, "cci_0": 3.911117264262307, "cci_1": 2.536124091201113, "cci_2": 7.289993103185156, "eom_0": 7.178471625555125, "eom_1": 5.784058742817568, "oc_gradient_0": 7.2264687406418515}, "smoothing_factors": {"rsi_0": 1.2872353272971258, "rsi_1": 1.8726123738757092, "sma_0": 1.5665594449098605, "sma_1": 0.5406824269239208, "ema_0": 0.47209732270111754, "ema_1": 0.9209608209216646, "ema_2": 0.09256765032611436, "ema_3": 0.16414475418461005, "cci_0": 0.615678869000164, "cci_1": 1.2867179627320382, "cci_2": 0.9594669468864823, "eom_0": 0.5127501352954662, "eom_1": 1.0892733020469536, "oc_gradient_0": 0.9301452886380965, "volume_0": 1.1938153446202455, "volatility_0": 1.7004997238307045}, "amplification_factor": {"volume_0": 1.6806218570930023, "volatility_0": 2.3856472885739506}, "flip": {"rsi_0": true, "rsi_1": false, "sma_0": false, "sma_1": false, "ema_0": false, "ema_1": false, "ema_2": false, "ema_3": false, "cci_0": false, "cci_1": true, "cci_2": false, "eom_0": false, "eom_1": false, "oc_gradient_0": false, "volume_0": false, "volatility_0": true}, "major_spline_standard_upper_thresholds": 0.5637864904458556, "major_spline_standard_lower_thresholds": -0.31180971218762005}, "indicator_properties": {"timeframes": {"rsi_0": 32, "rsi_1": 141, "sma_0_1": 75, "sma_0_2": 197, "sma_1_1": 93, "sma_1_2": 208, "ema_0_1": 37, "ema_0_2": 157, "ema_1_1": 85, "ema_1_2": 143, "ema_2_1": 39, "ema_2_2": 209, "ema_3_1": 16, "ema_3_2": 153, "cci_0": 108, "cci_1": 18, "cci_2": 217, "eom_0": 35, "eom_1": 9, "volatility_0": 75, "threshold_timeframe": 14}, "rsi_standard_upper_thresholds": {"rsi_0": 88, "rsi_1": 51}, "rsi_standard_lower_thresholds": {"rsi_0": 19, "rsi_1": 18}}, "general_settings": {"spline_interpolation_factor": 4, "threshold_setting": 2, "buffer_setting": 1, "include_triggers_in_bb_signal": {"rsi": true, "sma": false, "ema": false, "cci": false, "eom": false, "oc_gradient": false}, "rsi_buffer_setting": 0}}