{"indicators_count": {"rsi": 2, "sma": 2, "ema": 4, "lwma": 0, "cci": 3, "eom": 2, "oc_gradient": 1}, "spline_property": {"weights": {"rsi_0": 9.594017494968435, "rsi_1": 5.167642608957998, "sma_0": 5.692884123502455, "sma_1": 1.356997857815868, "ema_0": 0.18457234162164943, "ema_1": 0.1412439380221453, "ema_2": 1.8675458263235651, "ema_3": 6.357450703288648, "cci_0": 7.653618077184988, "cci_1": 7.030179874697061, "cci_2": 3.0577261897213073, "eom_0": 3.4850426622598545, "eom_1": 0.13646280133067207, "oc_gradient_0": 0.3142906246540729}, "smoothing_factors": {"rsi_0": 1.5987585493959022, "rsi_1": 0.36578084809716993, "sma_0": 2.365957449964713, "sma_1": 0.45300347123728213, "ema_0": 0.39605237017791906, "ema_1": 0.8345191288312422, "ema_2": 2.795364426375383, "ema_3": 2.872341249512082, "cci_0": 0, "cci_1": 2.9043466158790614, "cci_2": 1.1324336102498533, "eom_0": 0.9265380224508781, "eom_1": 0, "oc_gradient_0": 0.6406932798832815, "volume_0": 0.2264384650742559, "volatility_0": 0}, "amplification_factor": {"volume_0": 2.7922957388231477, "volatility_0": 2.7698709092668548}, "flip": {"rsi_0": false, "rsi_1": false, "sma_0": false, "sma_1": false, "ema_0": false, "ema_1": false, "ema_2": false, "ema_3": false, "cci_0": false, "cci_1": false, "cci_2": false, "eom_0": false, "eom_1": false, "oc_gradient_0": false, "volume_0": false, "volatility_0": false}, "major_spline_standard_upper_thresholds": 0.5842198852431165, "major_spline_standard_lower_thresholds": -0.5556461545030918}, "indicator_properties": {"timeframes": {"rsi_0": 108, "rsi_1": 198, "sma_0_1": 10, "sma_0_2": 129, "sma_1_1": 54, "sma_1_2": 198, "ema_0_1": 25, "ema_0_2": 196, "ema_1_1": 46, "ema_1_2": 162, "ema_2_1": 21, "ema_2_2": 134, "ema_3_1": 50, "ema_3_2": 169, "cci_0": 36, "cci_1": 10, "cci_2": 14, "eom_0": 98, "eom_1": 43, "volatility_0": 3, "threshold_timeframe": 23}, "rsi_standard_upper_thresholds": {"rsi_0": 89, "rsi_1": 81}, "rsi_standard_lower_thresholds": {"rsi_0": 27, "rsi_1": 40}}, "general_settings": {"spline_interpolation_factor": 4, "threshold_setting": 2, "buffer_setting": 1, "include_triggers_in_bb_signal": {"rsi": true, "sma": false, "ema": false, "cci": false, "eom": false, "oc_gradient": false}, "rsi_buffer_setting": 0}}