{"indicators_count": {"rsi": 2, "sma": 2, "ema": 4, "lwma": 0, "cci": 3, "eom": 2, "oc_gradient": 1}, "spline_property": {"weights": {"rsi_0": 4.932782264943075, "rsi_1": 6.3937539803662835, "sma_0": 3.6640854487480965, "sma_1": 3.6081052316408346, "ema_0": 6.818455252896598, "ema_1": 4.080398603306237, "ema_2": 1.3373323454618324, "ema_3": 8.040746252923173, "cci_0": 5.746767509820565, "cci_1": 9.512212382874308, "cci_2": 1.3128286658258448, "eom_0": 3.1333156253281604, "eom_1": 9.241727647335896, "oc_gradient_0": 0}, "smoothing_factors": {"rsi_0": 1.990549754372091, "rsi_1": 0.9459251505508619, "sma_0": 0.9459021215712318, "sma_1": 0.630132009676425, "ema_0": 0.6173322955336693, "ema_1": 1.2967264527217037, "ema_2": 0.9732940358758881, "ema_3": 1.8588514291906666, "cci_0": 0.5299880265767862, "cci_1": 0.7881653271909701, "cci_2": 1.7909399258081917, "eom_0": 1.9250991275761027, "eom_1": 1.1054605762160135, "oc_gradient_0": 1.759228814999782, "volume_0": 1.9633786575882226, "volatility_0": 1.3503468696783882}, "amplification_factor": {"volume_0": 2.360022792330015, "volatility_0": 1.5972836665246946}, "flip": {"rsi_0": false, "rsi_1": false, "sma_0": true, "sma_1": false, "ema_0": false, "ema_1": false, "ema_2": true, "ema_3": false, "cci_0": true, "cci_1": false, "cci_2": true, "eom_0": false, "eom_1": false, "oc_gradient_0": false, "volume_0": false, "volatility_0": false}, "major_spline_standard_upper_thresholds": 0.5590976632234999, "major_spline_standard_lower_thresholds": -0.48463688764404783}, "indicator_properties": {"timeframes": {"rsi_0": 147, "rsi_1": 87, "sma_0_1": 50, "sma_0_2": 162, "sma_1_1": 33, "sma_1_2": 197, "ema_0_1": 100, "ema_0_2": 237, "ema_1_1": 95, "ema_1_2": 192, "ema_2_1": 60, "ema_2_2": 183, "ema_3_1": 5, "ema_3_2": 213, "cci_0": 158, "cci_1": 4, "cci_2": 61, "eom_0": 25, "eom_1": 121, "volatility_0": 245, "threshold_timeframe": 31}, "rsi_standard_upper_thresholds": {"rsi_0": 90, "rsi_1": 72}, "rsi_standard_lower_thresholds": {"rsi_0": 15, "rsi_1": 28}}, "general_settings": {"spline_interpolation_factor": 4, "threshold_setting": 2, "buffer_setting": 1, "include_triggers_in_bb_signal": {"rsi": true, "sma": false, "ema": false, "cci": false, "eom": false, "oc_gradient": false}, "rsi_buffer_setting": 0}}