{"indicators_count": {"rsi": 2, "sma": 2, "ema": 4, "lwma": 0, "cci": 3, "eom": 2, "oc_gradient": 1}, "spline_property": {"weights": {"rsi_0": 2.6924774567402587, "rsi_1": 0.3270926220988246, "sma_0": 7.139095705201176, "sma_1": 9.65710630191377, "ema_0": 6.607935617600408, "ema_1": 4.135552380024734, "ema_2": 5.865221954507833, "ema_3": 3.4446530289295088, "cci_0": 7.922710016970004, "cci_1": 7.331777344694549, "cci_2": 2.128350478514854, "eom_0": 2.0588618052553294, "eom_1": 1.5468275521772479, "oc_gradient_0": 9.87547899020578}, "smoothing_factors": {"rsi_0": 0.38798950984193126, "rsi_1": 2.2638149884758128, "sma_0": 1.581371515496272, "sma_1": 0.31443558051378595, "ema_0": 1.473307698797078, "ema_1": 1.0997093798466135, "ema_2": 1.1610994415385059, "ema_3": 1.021066158797126, "cci_0": 1.0743304481591645, "cci_1": 1.2077978524774542, "cci_2": 1.984745259159814, "eom_0": 1.3672874633131011, "eom_1": 0.5738792319620811, "oc_gradient_0": 0.7426761986236305, "volume_0": 1.7744124597514015, "volatility_0": 0.5898569798089133}, "amplification_factor": {"volume_0": 0.8293679541481185, "volatility_0": 0.5304269027943381}, "flip": {"rsi_0": false, "rsi_1": false, "sma_0": false, "sma_1": false, "ema_0": false, "ema_1": true, "ema_2": false, "ema_3": false, "cci_0": false, "cci_1": false, "cci_2": false, "eom_0": false, "eom_1": false, "oc_gradient_0": false, "volume_0": false, "volatility_0": false}, "major_spline_standard_upper_thresholds": 0.5474639663852915, "major_spline_standard_lower_thresholds": -0.5710255915575437}, "indicator_properties": {"timeframes": {"rsi_0": 27, "rsi_1": 226, "sma_0_1": 40, "sma_0_2": 197, "sma_1_1": 21, "sma_1_2": 241, "ema_0_1": 62, "ema_0_2": 197, "ema_1_1": 12, "ema_1_2": 218, "ema_2_1": 52, "ema_2_2": 248, "ema_3_1": 16, "ema_3_2": 223, "cci_0": 143, "cci_1": 199, "cci_2": 225, "eom_0": 96, "eom_1": 2, "volatility_0": 174, "threshold_timeframe": 20}, "rsi_standard_upper_thresholds": {"rsi_0": 52, "rsi_1": 70}, "rsi_standard_lower_thresholds": {"rsi_0": 40, "rsi_1": 45}}, "general_settings": {"spline_interpolation_factor": 4, "threshold_setting": 2, "buffer_setting": 1, "include_triggers_in_bb_signal": {"rsi": true, "sma": false, "ema": false, "cci": false, "eom": false, "oc_gradient": false}, "rsi_buffer_setting": 0}}