{"indicators_count": {"rsi": 2, "sma": 2, "ema": 4, "lwma": 0, "cci": 3, "eom": 2, "oc_gradient": 1}, "spline_property": {"weights": {"rsi_0": 7.921957210091163, "rsi_1": 5.962975869748198, "sma_0": 4.536494121757607, "sma_1": 4.2174620676435515, "ema_0": 5.346975372778631, "ema_1": 9.928452279039043, "ema_2": 8.694506761528944, "ema_3": 5.811947348494842, "cci_0": 5.188307377417314, "cci_1": 1.3602425736633694, "cci_2": 7.5199026534018545, "eom_0": 4.468319067682031, "eom_1": 0.14698561593923465, "oc_gradient_0": 6.0900260556414745}, "smoothing_factors": {"rsi_0": 0.15115233364262215, "rsi_1": 0.03700400975174056, "sma_0": 1.467091110396169, "sma_1": 1.7371541731023903, "ema_0": 1.1473319683830836, "ema_1": 1.1786123908630157, "ema_2": 0.580426510775697, "ema_3": 0.9233170413690233, "cci_0": 1.8490272547410422, "cci_1": 0.2631230684545762, "cci_2": 1.5297677236111047, "eom_0": 0.018304737562221174, "eom_1": 0.4276810386027048, "oc_gradient_0": 1.9526358529274226, "volume_0": 0.2785664046931471, "volatility_0": 0.7438944985666966}, "amplification_factor": {"volume_0": 0.701801069424871, "volatility_0": 1.9573663887790125}, "flip": {"rsi_0": false, "rsi_1": false, "sma_0": false, "sma_1": true, "ema_0": true, "ema_1": true, "ema_2": false, "ema_3": false, "cci_0": false, "cci_1": false, "cci_2": false, "eom_0": false, "eom_1": false, "oc_gradient_0": false, "volume_0": false, "volatility_0": false}, "major_spline_standard_upper_thresholds": 0.522174101468292, "major_spline_standard_lower_thresholds": -0.5963810495436439}, "indicator_properties": {"timeframes": {"rsi_0": 88, "rsi_1": 105, "sma_0_1": 39, "sma_0_2": 198, "sma_1_1": 100, "sma_1_2": 248, "ema_0_1": 17, "ema_0_2": 236, "ema_1_1": 64, "ema_1_2": 202, "ema_2_1": 85, "ema_2_2": 234, "ema_3_1": 28, "ema_3_2": 229, "cci_0": 186, "cci_1": 65, "cci_2": 50, "eom_0": 35, "eom_1": 162, "volatility_0": 130, "threshold_timeframe": 20}, "rsi_standard_upper_thresholds": {"rsi_0": 83, "rsi_1": 60}, "rsi_standard_lower_thresholds": {"rsi_0": 17, "rsi_1": 19}}, "general_settings": {"spline_interpolation_factor": 4, "threshold_setting": 2, "buffer_setting": 1, "include_triggers_in_bb_signal": {"rsi": true, "sma": false, "ema": false, "cci": false, "eom": false, "oc_gradient": false}, "rsi_buffer_setting": 0}}