{"indicators_count": {"rsi": 2, "sma": 2, "ema": 4, "lwma": 0, "cci": 3, "eom": 2, "oc_gradient": 1}, "spline_property": {"weights": {"rsi_0": 7.878368268586101, "rsi_1": 9.120900961565129, "sma_0": 7.900559799273018, "sma_1": 0.7278761264173906, "ema_0": 8.232587855858352, "ema_1": 2.49165766327504, "ema_2": 0.5958067925648025, "ema_3": 5.3702806531894405, "cci_0": 8.522168868069304, "cci_1": 5.74180420316498, "cci_2": 5.783965215087246, "eom_0": 5.186956766502945, "eom_1": 7.786222982845165, "oc_gradient_0": 6.702358477988511}, "smoothing_factors": {"rsi_0": 0.10582928477520098, "rsi_1": 1.8203758749446846, "sma_0": 1.5973116571901034, "sma_1": 0.4999860522938122, "ema_0": 0.7374715814667387, "ema_1": 1.153161515042018, "ema_2": 1.7589768406739876, "ema_3": 0.49182850814196233, "cci_0": 1.1638695684832583, "cci_1": 0.6893580475869963, "cci_2": 0.9951205083355276, "eom_0": 0.7634762397367846, "eom_1": 1.284677253153441, "oc_gradient_0": 1.6150236230294825, "volume_0": 1.1601869196602403, "volatility_0": 0}, "amplification_factor": {"volume_0": 0.933435835504873, "volatility_0": 0.2656120683661988}, "flip": {"rsi_0": false, "rsi_1": false, "sma_0": false, "sma_1": false, "ema_0": false, "ema_1": false, "ema_2": false, "ema_3": false, "cci_0": false, "cci_1": false, "cci_2": false, "eom_0": false, "eom_1": false, "oc_gradient_0": false, "volume_0": false, "volatility_0": false}, "major_spline_standard_upper_thresholds": 0.3540791554243021, "major_spline_standard_lower_thresholds": -0.5857066221746136}, "indicator_properties": {"timeframes": {"rsi_0": 192, "rsi_1": 98, "sma_0_1": 44, "sma_0_2": 207, "sma_1_1": 29, "sma_1_2": 223, "ema_0_1": 28, "ema_0_2": 191, "ema_1_1": 21, "ema_1_2": 178, "ema_2_1": 80, "ema_2_2": 158, "ema_3_1": 42, "ema_3_2": 164, "cci_0": 26, "cci_1": 174, "cci_2": 213, "eom_0": 107, "eom_1": 243, "volatility_0": 103, "threshold_timeframe": 20}, "rsi_standard_upper_thresholds": {"rsi_0": 77, "rsi_1": 60}, "rsi_standard_lower_thresholds": {"rsi_0": 32, "rsi_1": 22}}, "general_settings": {"spline_interpolation_factor": 4, "threshold_setting": 2, "buffer_setting": 1, "include_triggers_in_bb_signal": {"rsi": true, "sma": false, "ema": false, "cci": false, "eom": false, "oc_gradient": false}, "rsi_buffer_setting": 0}}