{"indicators_count": {"rsi": 2, "sma": 2, "ema": 4, "lwma": 0, "cci": 3, "eom": 2, "oc_gradient": 1}, "spline_property": {"weights": {"rsi_0": 5.496840818329125, "rsi_1": 14.620244246838134, "sma_0": 4.670008766162613, "sma_1": 0.09666111069463368, "ema_0": 11.080289468848742, "ema_1": 0.7557865503848138, "ema_2": 0, "ema_3": 1.3938625136831986, "cci_0": 3.027757102285099, "cci_1": 7.276978836417514, "cci_2": 0.6673384993529631, "eom_0": 3.4311681083195293, "eom_1": 10.178315091701512, "oc_gradient_0": 1.5005945363434257}, "smoothing_factors": {"rsi_0": 0, "rsi_1": 0, "sma_0": 1.8997318670068648, "sma_1": 1.3587773420627292, "ema_0": 3.055591894911214, "ema_1": 4.043824271759879, "ema_2": 3.133674748851492, "ema_3": 1.017519084128998, "cci_0": 3.1254349557376955, "cci_1": 0.31194752968174644, "cci_2": 2.872191545221424, "eom_0": 0.6372900542585337, "eom_1": 2.163191000463706, "oc_gradient_0": 0.19829826940845074, "volume_0": 1.2432129199260258, "volatility_0": 1.1361299500681552}, "amplification_factor": {"volume_0": 2.3061479924341506, "volatility_0": 2.094670559764854}, "flip": {"rsi_0": false, "rsi_1": false, "sma_0": false, "sma_1": false, "ema_0": false, "ema_1": false, "ema_2": false, "ema_3": false, "cci_0": false, "cci_1": false, "cci_2": false, "eom_0": false, "eom_1": false, "oc_gradient_0": false, "volume_0": false, "volatility_0": false}, "major_spline_standard_upper_thresholds": 0.40704655151257096, "major_spline_standard_lower_thresholds": -0.3358568224578608}, "indicator_properties": {"timeframes": {"rsi_0": 25, "rsi_1": 140, "sma_0_1": 46, "sma_0_2": 207, "sma_1_1": 81, "sma_1_2": 256, "ema_0_1": 59, "ema_0_2": 231, "ema_1_1": 95, "ema_1_2": 220, "ema_2_1": 6, "ema_2_2": 169, "ema_3_1": 87, "ema_3_2": 176, "cci_0": 68, "cci_1": 206, "cci_2": 114, "eom_0": 129, "eom_1": 7, "volatility_0": 128, "threshold_timeframe": 28}, "rsi_standard_upper_thresholds": {"rsi_0": 57, "rsi_1": 54}, "rsi_standard_lower_thresholds": {"rsi_0": 32, "rsi_1": 29}}, "general_settings": {"spline_interpolation_factor": 4, "threshold_setting": 2, "buffer_setting": 1, "include_triggers_in_bb_signal": {"rsi": true, "sma": false, "ema": false, "cci": false, "eom": false, "oc_gradient": false}, "rsi_buffer_setting": 0}}