{"indicators_count": {"rsi": 2, "sma": 2, "ema": 4, "lwma": 0, "cci": 3, "eom": 2, "oc_gradient": 1}, "spline_property": {"weights": {"rsi_0": 4.439399098942402, "rsi_1": 8.649361418393308, "sma_0": 8.371488711053654, "sma_1": 6.886205173433692, "ema_0": 1.441838141221881, "ema_1": 5.857572505715444, "ema_2": 2.497749123483303, "ema_3": 4.478652008354172, "cci_0": 3.67286595978689, "cci_1": 9.79247103570615, "cci_2": 9.48146094171049, "eom_0": 1.018800851177645, "eom_1": 8.186991146753856, "oc_gradient_0": 5.771232377757155}, "smoothing_factors": {"rsi_0": 1.8037442726854092, "rsi_1": 0, "sma_0": 0.8028065186930118, "sma_1": 1.8096639943704576, "ema_0": 0.2999455660110444, "ema_1": 0, "ema_2": 1.8542210606235197, "ema_3": 0.23547640133473968, "cci_0": 2.5627956432526386, "cci_1": 0.69773857216727, "cci_2": 0, "eom_0": 4.1905362370534505, "eom_1": 0.44032837647435386, "oc_gradient_0": 1.1529833889245644, "volume_0": 2.3861610411293643, "volatility_0": 1.6057996173630542}, "amplification_factor": {"volume_0": 2.4269025562183493, "volatility_0": 2.6791472509946574}, "flip": {"rsi_0": false, "rsi_1": false, "sma_0": false, "sma_1": false, "ema_0": false, "ema_1": false, "ema_2": false, "ema_3": false, "cci_0": false, "cci_1": false, "cci_2": false, "eom_0": false, "eom_1": false, "oc_gradient_0": false, "volume_0": false, "volatility_0": false}, "major_spline_standard_upper_thresholds": 0.3210192472567811, "major_spline_standard_lower_thresholds": -0.35571337130142255}, "indicator_properties": {"timeframes": {"rsi_0": 178, "rsi_1": 50, "sma_0_1": 109, "sma_0_2": 171, "sma_1_1": 52, "sma_1_2": 174, "ema_0_1": 49, "ema_0_2": 210, "ema_1_1": 2, "ema_1_2": 165, "ema_2_1": 13, "ema_2_2": 225, "ema_3_1": 96, "ema_3_2": 190, "cci_0": 8, "cci_1": 132, "cci_2": 16, "eom_0": 86, "eom_1": 42, "volatility_0": 103, "threshold_timeframe": 18}, "rsi_standard_upper_thresholds": {"rsi_0": 64, "rsi_1": 78}, "rsi_standard_lower_thresholds": {"rsi_0": 20, "rsi_1": 49}}, "general_settings": {"spline_interpolation_factor": 4, "threshold_setting": 2, "buffer_setting": 1, "include_triggers_in_bb_signal": {"rsi": true, "sma": false, "ema": false, "cci": false, "eom": false, "oc_gradient": false}, "rsi_buffer_setting": 0}}