{"indicators_count": {"rsi": 2, "sma": 2, "ema": 4, "lwma": 0, "cci": 3, "eom": 2, "oc_gradient": 1}, "spline_property": {"weights": {"rsi_0": 6.542956474467037, "rsi_1": 2.9348049043505844, "sma_0": 7.104774611428853, "sma_1": 8.132691237823193, "ema_0": 5.850917729350188, "ema_1": 6.764990618797605, "ema_2": 5.851109387305154, "ema_3": 5.128273159432282, "cci_0": 9.903706430230596, "cci_1": 4.155127885468378, "cci_2": 10.12712245007247, "eom_0": 1.1865757363157128, "eom_1": 3.3046066408329677, "oc_gradient_0": 6.120956610065003}, "smoothing_factors": {"rsi_0": 2.9923667750312006, "rsi_1": 0, "sma_0": 2.0064432282885374, "sma_1": 0.4819190145293635, "ema_0": 1.019813242042618, "ema_1": 1.4144400500277912, "ema_2": 1.1096723159838193, "ema_3": 0.561878952144442, "cci_0": 1.495187557529658, "cci_1": 0, "cci_2": 0.5788535609644364, "eom_0": 1.2901040166360909, "eom_1": 3.637458363295832, "oc_gradient_0": 0.41517401067304727, "volume_0": 1.3937422486860434, "volatility_0": 0}, "amplification_factor": {"volume_0": 0.5999360749695808, "volatility_0": 0.7597166345837614}, "flip": {"rsi_0": false, "rsi_1": true, "sma_0": false, "sma_1": true, "ema_0": true, "ema_1": true, "ema_2": true, "ema_3": true, "cci_0": false, "cci_1": false, "cci_2": false, "eom_0": true, "eom_1": true, "oc_gradient_0": false, "volume_0": true, "volatility_0": false}, "major_spline_standard_upper_thresholds": 0.4520129545422035, "major_spline_standard_lower_thresholds": -0.5194133508622926}, "indicator_properties": {"timeframes": {"rsi_0": 208, "rsi_1": 189, "sma_0_1": 51, "sma_0_2": 226, "sma_1_1": 16, "sma_1_2": 258, "ema_0_1": 59, "ema_0_2": 245, "ema_1_1": 2, "ema_1_2": 243, "ema_2_1": 87, "ema_2_2": 193, "ema_3_1": 18, "ema_3_2": 194, "cci_0": 140, "cci_1": 131, "cci_2": 44, "eom_0": 212, "eom_1": 246, "volatility_0": 35, "threshold_timeframe": 7}, "rsi_standard_upper_thresholds": {"rsi_0": 78, "rsi_1": 70}, "rsi_standard_lower_thresholds": {"rsi_0": 29, "rsi_1": 43}}, "general_settings": {"spline_interpolation_factor": 4, "threshold_setting": 2, "buffer_setting": 1, "include_triggers_in_bb_signal": {"rsi": true, "sma": false, "ema": false, "cci": false, "eom": false, "oc_gradient": false}, "rsi_buffer_setting": 0}}