{"indicators_count": {"rsi": 2, "sma": 2, "ema": 4, "lwma": 0, "cci": 3, "eom": 2, "oc_gradient": 1}, "spline_property": {"weights": {"rsi_0": 6.15819425526889, "rsi_1": 2.8947471231443487, "sma_0": 6.13992151115602, "sma_1": 4.571630487016302, "ema_0": 5.797096712937842, "ema_1": 7.003762954630627, "ema_2": 2.3178723964200785, "ema_3": 2.0396884841448637, "cci_0": 5.478476146322172, "cci_1": 1.4692837736644981, "cci_2": 0.26707089246539306, "eom_0": 2.2381336762274904, "eom_1": 8.776750819776456, "oc_gradient_0": 5.495048986791292}, "smoothing_factors": {"rsi_0": 1.2504863850491112, "rsi_1": 0.4049683844511127, "sma_0": 0.5157208150602282, "sma_1": 0.7180787665492254, "ema_0": 0.6505986388774874, "ema_1": 1.2520914411620985, "ema_2": 0.15571886048366324, "ema_3": 0.9033409453456209, "cci_0": 0.5148475655209817, "cci_1": 0.638264211329779, "cci_2": 0.009452957001624629, "eom_0": 0.7497847563813111, "eom_1": 0.8249110045273269, "oc_gradient_0": 1.3023576059050064, "volume_0": 1.2281965097182017, "volatility_0": 1.5084351727410588}, "amplification_factor": {"volume_0": 1.0943270284233297, "volatility_0": 2.2944514121498263}, "flip": {"rsi_0": true, "rsi_1": false, "sma_0": true, "sma_1": true, "ema_0": false, "ema_1": false, "ema_2": true, "ema_3": false, "cci_0": false, "cci_1": false, "cci_2": false, "eom_0": false, "eom_1": false, "oc_gradient_0": false, "volume_0": true, "volatility_0": false}, "major_spline_standard_upper_thresholds": 0.37977982086942846, "major_spline_standard_lower_thresholds": -0.5930701254916612}, "indicator_properties": {"timeframes": {"rsi_0": 24, "rsi_1": 83, "sma_0_1": 21, "sma_0_2": 180, "sma_1_1": 33, "sma_1_2": 231, "ema_0_1": 23, "ema_0_2": 166, "ema_1_1": 63, "ema_1_2": 211, "ema_2_1": 78, "ema_2_2": 189, "ema_3_1": 54, "ema_3_2": 181, "cci_0": 210, "cci_1": 28, "cci_2": 41, "eom_0": 200, "eom_1": 189, "volatility_0": 213, "threshold_timeframe": 20}, "rsi_standard_upper_thresholds": {"rsi_0": 88, "rsi_1": 89}, "rsi_standard_lower_thresholds": {"rsi_0": 47, "rsi_1": 42}}, "general_settings": {"spline_interpolation_factor": 4, "threshold_setting": 2, "buffer_setting": 1, "include_triggers_in_bb_signal": {"rsi": true, "sma": false, "ema": false, "cci": false, "eom": false, "oc_gradient": false}, "rsi_buffer_setting": 0}}