{"indicators_count": {"rsi": 2, "sma": 2, "ema": 4, "lwma": 0, "cci": 3, "eom": 2, "oc_gradient": 1}, "spline_property": {"weights": {"rsi_0": 4.680569854136503, "rsi_1": 8.426733838357388, "sma_0": 1.0593346802173098, "sma_1": 5.860813832183732, "ema_0": 5.21580336273722, "ema_1": 5.56140300871201, "ema_2": 2.4562144132993655, "ema_3": 4.327230084323701, "cci_0": 8.630630458620763, "cci_1": 0.7304315258205951, "cci_2": 8.68195127468349, "eom_0": 1.115970811939453, "eom_1": 3.909966687360705, "oc_gradient_0": 3.1721129126732497}, "smoothing_factors": {"rsi_0": 1.4298967027120064, "rsi_1": 1.0363393308612783, "sma_0": 0.7247612751951686, "sma_1": 1.4007696187868284, "ema_0": 0.9313559260015463, "ema_1": 0.582355896325327, "ema_2": 0.6527173563845271, "ema_3": 0.21984276182676488, "cci_0": 2.5412619198439956, "cci_1": 0.6957769256390498, "cci_2": 1.4151255332046297, "eom_0": 0.8742693747599803, "eom_1": 0.6741990375222182, "oc_gradient_0": 0.6662060792519252, "volume_0": 0.6168771269473475, "volatility_0": 0.5282721868828437}, "amplification_factor": {"volume_0": 1.6816487421531057, "volatility_0": 0.3894301896151645}, "flip": {"rsi_0": false, "rsi_1": true, "sma_0": false, "sma_1": false, "ema_0": false, "ema_1": true, "ema_2": true, "ema_3": false, "cci_0": true, "cci_1": true, "cci_2": false, "eom_0": false, "eom_1": false, "oc_gradient_0": false, "volume_0": false, "volatility_0": false}, "major_spline_standard_upper_thresholds": 0.4565598171846877, "major_spline_standard_lower_thresholds": -0.583831321026571}, "indicator_properties": {"timeframes": {"rsi_0": 168, "rsi_1": 195, "sma_0_1": 28, "sma_0_2": 191, "sma_1_1": 82, "sma_1_2": 247, "ema_0_1": 36, "ema_0_2": 202, "ema_1_1": 36, "ema_1_2": 190, "ema_2_1": 24, "ema_2_2": 238, "ema_3_1": 67, "ema_3_2": 180, "cci_0": 243, "cci_1": 190, "cci_2": 241, "eom_0": 118, "eom_1": 179, "volatility_0": 74, "threshold_timeframe": 10}, "rsi_standard_upper_thresholds": {"rsi_0": 61, "rsi_1": 70}, "rsi_standard_lower_thresholds": {"rsi_0": 12, "rsi_1": 40}}, "general_settings": {"spline_interpolation_factor": 4, "threshold_setting": 2, "buffer_setting": 1, "include_triggers_in_bb_signal": {"rsi": true, "sma": false, "ema": false, "cci": false, "eom": false, "oc_gradient": false}, "rsi_buffer_setting": 0}}