{"indicators_count": {"rsi": 2, "sma": 2, "ema": 4, "lwma": 0, "cci": 3, "eom": 2, "oc_gradient": 1}, "spline_property": {"weights": {"rsi_0": 2.692979141816679, "rsi_1": 8.256570606192447, "sma_0": 1.5891591435123171, "sma_1": 9.026385518944434, "ema_0": 3.5047310004348873, "ema_1": 0.5191921209137595, "ema_2": 1.570196428571551, "ema_3": 0.5274604733161328, "cci_0": 9.352227105113679, "cci_1": 5.688166505872904, "cci_2": 8.669092423600764, "eom_0": 0.044133642836047635, "eom_1": 9.665168920367194, "oc_gradient_0": 3.6633598513790107}, "smoothing_factors": {"rsi_0": 0, "rsi_1": 0.17083992810115678, "sma_0": 0.9732232590423402, "sma_1": 0.5652921367949224, "ema_0": 1.7179935778145081, "ema_1": 0.1984443779168935, "ema_2": 1.7518295481752857, "ema_3": 0.6925817777287051, "cci_0": 1.9816122341786682, "cci_1": 2.0579144281882056, "cci_2": 1.2951051515018344, "eom_0": 0.903180894102926, "eom_1": 0, "oc_gradient_0": 0.2409534982210743, "volume_0": 1.4761119503979276, "volatility_0": 0.2586399722446817}, "amplification_factor": {"volume_0": 2.671607502339215, "volatility_0": 0.4438332772068292}, "flip": {"rsi_0": false, "rsi_1": false, "sma_0": false, "sma_1": false, "ema_0": false, "ema_1": false, "ema_2": false, "ema_3": false, "cci_0": false, "cci_1": false, "cci_2": false, "eom_0": false, "eom_1": false, "oc_gradient_0": false, "volume_0": false, "volatility_0": false}, "major_spline_standard_upper_thresholds": 0.5719592213815577, "major_spline_standard_lower_thresholds": -0.45000951710409826}, "indicator_properties": {"timeframes": {"rsi_0": 22, "rsi_1": 100, "sma_0_1": 27, "sma_0_2": 164, "sma_1_1": 30, "sma_1_2": 203, "ema_0_1": 75, "ema_0_2": 248, "ema_1_1": 43, "ema_1_2": 175, "ema_2_1": 8, "ema_2_2": 227, "ema_3_1": 32, "ema_3_2": 221, "cci_0": 50, "cci_1": 53, "cci_2": 43, "eom_0": 211, "eom_1": 187, "volatility_0": 117, "threshold_timeframe": 17}, "rsi_standard_upper_thresholds": {"rsi_0": 78, "rsi_1": 68}, "rsi_standard_lower_thresholds": {"rsi_0": 46, "rsi_1": 17}}, "general_settings": {"spline_interpolation_factor": 4, "threshold_setting": 2, "buffer_setting": 1, "include_triggers_in_bb_signal": {"rsi": true, "sma": false, "ema": false, "cci": false, "eom": false, "oc_gradient": false}, "rsi_buffer_setting": 0}}