{"indicators_count": {"rsi": 2, "sma": 2, "ema": 4, "lwma": 0, "cci": 3, "eom": 2, "oc_gradient": 1}, "spline_property": {"weights": {"rsi_0": 3.058123316237656, "rsi_1": 2.756552673704909, "sma_0": 6.307947967645703, "sma_1": 0.13495480478681712, "ema_0": 5.057069393169567, "ema_1": 1.321284689477424, "ema_2": 2.9289349140282415, "ema_3": 3.0382830665633342, "cci_0": 3.641514724804718, "cci_1": 8.234140661899009, "cci_2": 4.204326877184623, "eom_0": 5.278983642445174, "eom_1": 7.180635515726085, "oc_gradient_0": 8.692259499778034}, "smoothing_factors": {"rsi_0": 0.1754849452367358, "rsi_1": 0.49219663657562956, "sma_0": 2.104661917584522, "sma_1": 0.35151301200219365, "ema_0": 2.1091580965733687, "ema_1": 0.39507177514913305, "ema_2": 0.047336692327224705, "ema_3": 0.38190471786688707, "cci_0": 1.5347301062837995, "cci_1": 2.4750437908070775, "cci_2": 0.7605405295892368, "eom_0": 0.35596691863241947, "eom_1": 1.0193652282121222, "oc_gradient_0": 1.090946299479287, "volume_0": 1.3505399979521593, "volatility_0": 0.8634525995949554}, "amplification_factor": {"volume_0": 1.9285803177818526, "volatility_0": 1.1005575935226897}, "flip": {"rsi_0": false, "rsi_1": false, "sma_0": false, "sma_1": true, "ema_0": true, "ema_1": false, "ema_2": false, "ema_3": false, "cci_0": false, "cci_1": false, "cci_2": false, "eom_0": false, "eom_1": true, "oc_gradient_0": true, "volume_0": true, "volatility_0": false}, "major_spline_standard_upper_thresholds": 0.326379263945145, "major_spline_standard_lower_thresholds": -0.40378166239751623}, "indicator_properties": {"timeframes": {"rsi_0": 34, "rsi_1": 219, "sma_0_1": 10, "sma_0_2": 225, "sma_1_1": 3, "sma_1_2": 228, "ema_0_1": 50, "ema_0_2": 255, "ema_1_1": 87, "ema_1_2": 189, "ema_2_1": 62, "ema_2_2": 244, "ema_3_1": 16, "ema_3_2": 226, "cci_0": 226, "cci_1": 197, "cci_2": 14, "eom_0": 177, "eom_1": 134, "volatility_0": 49, "threshold_timeframe": 5}, "rsi_standard_upper_thresholds": {"rsi_0": 68, "rsi_1": 59}, "rsi_standard_lower_thresholds": {"rsi_0": 40, "rsi_1": 40}}, "general_settings": {"spline_interpolation_factor": 4, "threshold_setting": 2, "buffer_setting": 1, "include_triggers_in_bb_signal": {"rsi": true, "sma": false, "ema": false, "cci": false, "eom": false, "oc_gradient": false}, "rsi_buffer_setting": 0}}