{"indicators_count": {"rsi": 2, "sma": 2, "ema": 4, "lwma": 0, "cci": 3, "eom": 2, "oc_gradient": 1}, "spline_property": {"weights": {"rsi_0": 8.132908214896682, "rsi_1": 9.167083911320827, "sma_0": 5.666120681511252, "sma_1": 1.9837527833574486, "ema_0": 3.48915510180587, "ema_1": 2.6596307906669625, "ema_2": 2.782684742265781, "ema_3": 9.80009697625233, "cci_0": 3.2810105156603906, "cci_1": 5.641107909646009, "cci_2": 9.615125140911594, "eom_0": 4.457782290560031, "eom_1": 2.3141359227729605, "oc_gradient_0": 3.6537421034214503}, "smoothing_factors": {"rsi_0": 1.1441278084443498, "rsi_1": 0.4311709096517258, "sma_0": 1.499138633164874, "sma_1": 0.6384114657349806, "ema_0": 0.6354496648423962, "ema_1": 0.048879639244911566, "ema_2": 0.8685770879139385, "ema_3": 0.018682597304158, "cci_0": 0, "cci_1": 0.05861397850343297, "cci_2": 1.4218081027947316, "eom_0": 0.7035428661923635, "eom_1": 1.5903681735306283, "oc_gradient_0": 1.0040320841669796, "volume_0": 0.5001025682121683, "volatility_0": 1.7492293863131891}, "amplification_factor": {"volume_0": 1.004217268038096, "volatility_0": 2.191496228403712}, "flip": {"rsi_0": false, "rsi_1": false, "sma_0": false, "sma_1": false, "ema_0": true, "ema_1": false, "ema_2": false, "ema_3": false, "cci_0": false, "cci_1": false, "cci_2": false, "eom_0": false, "eom_1": false, "oc_gradient_0": false, "volume_0": false, "volatility_0": false}, "major_spline_standard_upper_thresholds": 0.3366098602636768, "major_spline_standard_lower_thresholds": -0.4555905116972558}, "indicator_properties": {"timeframes": {"rsi_0": 17, "rsi_1": 37, "sma_0_1": 19, "sma_0_2": 204, "sma_1_1": 48, "sma_1_2": 214, "ema_0_1": 84, "ema_0_2": 207, "ema_1_1": 26, "ema_1_2": 220, "ema_2_1": 71, "ema_2_2": 182, "ema_3_1": 54, "ema_3_2": 183, "cci_0": 173, "cci_1": 70, "cci_2": 178, "eom_0": 131, "eom_1": 17, "volatility_0": 214, "threshold_timeframe": 20}, "rsi_standard_upper_thresholds": {"rsi_0": 81, "rsi_1": 85}, "rsi_standard_lower_thresholds": {"rsi_0": 13, "rsi_1": 18}}, "general_settings": {"spline_interpolation_factor": 4, "threshold_setting": 2, "buffer_setting": 1, "include_triggers_in_bb_signal": {"rsi": true, "sma": false, "ema": false, "cci": false, "eom": false, "oc_gradient": false}, "rsi_buffer_setting": 0}}