{"indicators_count": {"rsi": 2, "sma": 2, "ema": 4, "lwma": 0, "cci": 3, "eom": 2, "oc_gradient": 1}, "spline_property": {"weights": {"rsi_0": 9.5666686672935, "rsi_1": 9.557440418299706, "sma_0": 3.054185926391146, "sma_1": 4.713132039958884, "ema_0": 1.4942497349790003, "ema_1": 4.871060285763701, "ema_2": 8.661680196197768, "ema_3": 0.22509655030457637, "cci_0": 6.127418317826764, "cci_1": 8.482899269403186, "cci_2": 6.771017754281902, "eom_0": 5.660542248363205, "eom_1": 3.638700884277611, "oc_gradient_0": 3.386446992255323}, "smoothing_factors": {"rsi_0": 1.5377099712302984, "rsi_1": 2.188915204008169, "sma_0": 2.00127760366301, "sma_1": 2.143223692116967, "ema_0": 1.6825142639502302, "ema_1": 2.0778987425947744, "ema_2": 1.5053426464220494, "ema_3": 1.9281609186640214, "cci_0": 1.360071136648795, "cci_1": 2.36205507983666, "cci_2": 0, "eom_0": 0.7765494795105972, "eom_1": 2.3983906639284296, "oc_gradient_0": 0.8060620366702735, "volume_0": 2.004478435258359, "volatility_0": 1.6618071081656072}, "amplification_factor": {"volume_0": 1.3894751064233497, "volatility_0": 1.39478464215382}, "flip": {"rsi_0": false, "rsi_1": false, "sma_0": false, "sma_1": false, "ema_0": false, "ema_1": false, "ema_2": false, "ema_3": false, "cci_0": false, "cci_1": false, "cci_2": false, "eom_0": false, "eom_1": false, "oc_gradient_0": false, "volume_0": false, "volatility_0": false}, "major_spline_standard_upper_thresholds": 0.46242397627537113, "major_spline_standard_lower_thresholds": -0.5445900128279568}, "indicator_properties": {"timeframes": {"rsi_0": 71, "rsi_1": 60, "sma_0_1": 2, "sma_0_2": 226, "sma_1_1": 8, "sma_1_2": 201, "ema_0_1": 85, "ema_0_2": 196, "ema_1_1": 84, "ema_1_2": 160, "ema_2_1": 34, "ema_2_2": 191, "ema_3_1": 51, "ema_3_2": 229, "cci_0": 235, "cci_1": 22, "cci_2": 30, "eom_0": 63, "eom_1": 137, "volatility_0": 104, "threshold_timeframe": 28}, "rsi_standard_upper_thresholds": {"rsi_0": 82, "rsi_1": 52}, "rsi_standard_lower_thresholds": {"rsi_0": 15, "rsi_1": 26}}, "general_settings": {"spline_interpolation_factor": 4, "threshold_setting": 2, "buffer_setting": 1, "include_triggers_in_bb_signal": {"rsi": true, "sma": false, "ema": false, "cci": false, "eom": false, "oc_gradient": false}, "rsi_buffer_setting": 0}}