{"indicators_count": {"rsi": 2, "sma": 2, "ema": 4, "lwma": 0, "cci": 3, "eom": 2, "oc_gradient": 1}, "spline_property": {"weights": {"rsi_0": 8.212606160652898, "rsi_1": 1.872024902816336, "sma_0": 0, "sma_1": 9.2273581608976, "ema_0": 6.849804652095606, "ema_1": 0, "ema_2": 0.8978525841140228, "ema_3": 2.315344757159066, "cci_0": 3.003565646373144, "cci_1": 0.1895818567421792, "cci_2": 1.0732815046413313, "eom_0": 0.7491969554070914, "eom_1": 7.890051455957698, "oc_gradient_0": 1.4642776553806407}, "smoothing_factors": {"rsi_0": 1.9123683016859954, "rsi_1": 0.671850961413201, "sma_0": 2.621940804793649, "sma_1": 0.6536528653364313, "ema_0": 2.053786318631352, "ema_1": 0.4505643040881977, "ema_2": 0.7520982992133654, "ema_3": 1.6249983205693006, "cci_0": 2.0886554303734526, "cci_1": 1.0889702899693499, "cci_2": 0.8606055995383162, "eom_0": 0.0953483870554297, "eom_1": 0, "oc_gradient_0": 1.8323850018154044, "volume_0": 0.24538013144690574, "volatility_0": 0.8383248983074159}, "amplification_factor": {"volume_0": 0.7130050226295047, "volatility_0": 1.7130689187334278}, "flip": {"rsi_0": false, "rsi_1": false, "sma_0": false, "sma_1": false, "ema_0": false, "ema_1": false, "ema_2": false, "ema_3": false, "cci_0": false, "cci_1": false, "cci_2": false, "eom_0": false, "eom_1": false, "oc_gradient_0": false, "volume_0": false, "volatility_0": false}, "major_spline_standard_upper_thresholds": 0.37254164430665215, "major_spline_standard_lower_thresholds": -0.4364647562993837}, "indicator_properties": {"timeframes": {"rsi_0": 155, "rsi_1": 47, "sma_0_1": 66, "sma_0_2": 150, "sma_1_1": 12, "sma_1_2": 226, "ema_0_1": 105, "ema_0_2": 173, "ema_1_1": 3, "ema_1_2": 183, "ema_2_1": 5, "ema_2_2": 210, "ema_3_1": 82, "ema_3_2": 204, "cci_0": 54, "cci_1": 182, "cci_2": 69, "eom_0": 115, "eom_1": 184, "volatility_0": 21, "threshold_timeframe": 19}, "rsi_standard_upper_thresholds": {"rsi_0": 56, "rsi_1": 62}, "rsi_standard_lower_thresholds": {"rsi_0": 34, "rsi_1": 29}}, "general_settings": {"spline_interpolation_factor": 4, "threshold_setting": 2, "buffer_setting": 1, "include_triggers_in_bb_signal": {"rsi": true, "sma": false, "ema": false, "cci": false, "eom": false, "oc_gradient": false}, "rsi_buffer_setting": 0}}