{"indicators_count": {"rsi": 2, "sma": 2, "ema": 4, "lwma": 0, "cci": 3, "eom": 2, "oc_gradient": 1}, "spline_property": {"weights": {"rsi_0": 1.3041430527366753, "rsi_1": 9.815501166807074, "sma_0": 8.112301863889341, "sma_1": 0.50543370955775, "ema_0": 6.166348432091943, "ema_1": 4.358459011233129, "ema_2": 2.2281730382879674, "ema_3": 7.429876547952623, "cci_0": 2.4045862301872343, "cci_1": 2.900953251968057, "cci_2": 7.667451432388727, "eom_0": 3.5288299223646193, "eom_1": 1.5089837231048986, "oc_gradient_0": 6.509866904668695}, "smoothing_factors": {"rsi_0": 1.0403893072219768, "rsi_1": 2.257254144792067, "sma_0": 2.896282974694668, "sma_1": 0.7502125819993424, "ema_0": 1.1350208487458873, "ema_1": 1.2070867734168398, "ema_2": 0.8862352937834432, "ema_3": 0.7258009857473797, "cci_0": 0.4179278650177054, "cci_1": 0, "cci_2": 1.7032704435415569, "eom_0": 0, "eom_1": 0, "oc_gradient_0": 0.18448119584439915, "volume_0": 0.0005704220927759129, "volatility_0": 1.4713488461027278}, "amplification_factor": {"volume_0": 2.0859371220030485, "volatility_0": 2.1027364443046004}, "flip": {"rsi_0": false, "rsi_1": false, "sma_0": true, "sma_1": false, "ema_0": false, "ema_1": true, "ema_2": false, "ema_3": true, "cci_0": false, "cci_1": true, "cci_2": false, "eom_0": false, "eom_1": false, "oc_gradient_0": false, "volume_0": true, "volatility_0": true}, "major_spline_standard_upper_thresholds": 0.5694645294180255, "major_spline_standard_lower_thresholds": -0.5671210258464064}, "indicator_properties": {"timeframes": {"rsi_0": 74, "rsi_1": 56, "sma_0_1": 86, "sma_0_2": 192, "sma_1_1": 82, "sma_1_2": 184, "ema_0_1": 21, "ema_0_2": 188, "ema_1_1": 11, "ema_1_2": 146, "ema_2_1": 18, "ema_2_2": 181, "ema_3_1": 20, "ema_3_2": 159, "cci_0": 96, "cci_1": 28, "cci_2": 208, "eom_0": 124, "eom_1": 82, "volatility_0": 9, "threshold_timeframe": 20}, "rsi_standard_upper_thresholds": {"rsi_0": 68, "rsi_1": 51}, "rsi_standard_lower_thresholds": {"rsi_0": 15, "rsi_1": 26}}, "general_settings": {"spline_interpolation_factor": 4, "threshold_setting": 2, "buffer_setting": 1, "include_triggers_in_bb_signal": {"rsi": true, "sma": false, "ema": false, "cci": false, "eom": false, "oc_gradient": false}, "rsi_buffer_setting": 0}}