{"indicators_count": {"rsi": 2, "sma": 2, "ema": 4, "lwma": 0, "cci": 3, "eom": 2, "oc_gradient": 1}, "spline_property": {"weights": {"rsi_0": 4.179029018840592, "rsi_1": 5.011195068567934, "sma_0": 4.663086718768801, "sma_1": 3.9261152157894648, "ema_0": 3.2760070615020056, "ema_1": 0.05475128790069242, "ema_2": 2.3084889980293175, "ema_3": 0.29052488773247487, "cci_0": 3.8583160307758537, "cci_1": 4.543645570158361, "cci_2": 1.241296665613433, "eom_0": 4.309242373234114, "eom_1": 2.321347240345393, "oc_gradient_0": 3.854898838528065}, "smoothing_factors": {"rsi_0": 1.217325468784425, "rsi_1": 0.17965772961885174, "sma_0": 0.6475067753194167, "sma_1": 1.4273429266467472, "ema_0": 0, "ema_1": 0.17338351816818198, "ema_2": 1.190001698709789, "ema_3": 2.7689641059819556, "cci_0": 0.16823550432295947, "cci_1": 1.966991078856094, "cci_2": 0.8888855392862487, "eom_0": 0.36690957807904406, "eom_1": 1.735073731195237, "oc_gradient_0": 0, "volume_0": 2.4212385815075907, "volatility_0": 0.22703866343684465}, "amplification_factor": {"volume_0": 1.9563529177671766, "volatility_0": 0.4730732999943451}, "flip": {"rsi_0": false, "rsi_1": false, "sma_0": false, "sma_1": false, "ema_0": false, "ema_1": false, "ema_2": false, "ema_3": false, "cci_0": false, "cci_1": false, "cci_2": false, "eom_0": false, "eom_1": false, "oc_gradient_0": false, "volume_0": false, "volatility_0": false}, "major_spline_standard_upper_thresholds": 0.30072947572685343, "major_spline_standard_lower_thresholds": -0.3261786326177415}, "indicator_properties": {"timeframes": {"rsi_0": 193, "rsi_1": 224, "sma_0_1": 59, "sma_0_2": 187, "sma_1_1": 21, "sma_1_2": 217, "ema_0_1": 10, "ema_0_2": 243, "ema_1_1": 95, "ema_1_2": 169, "ema_2_1": 40, "ema_2_2": 179, "ema_3_1": 72, "ema_3_2": 231, "cci_0": 219, "cci_1": 97, "cci_2": 81, "eom_0": 35, "eom_1": 12, "volatility_0": 173, "threshold_timeframe": 11}, "rsi_standard_upper_thresholds": {"rsi_0": 51, "rsi_1": 52}, "rsi_standard_lower_thresholds": {"rsi_0": 19, "rsi_1": 29}}, "general_settings": {"spline_interpolation_factor": 4, "threshold_setting": 2, "buffer_setting": 1, "include_triggers_in_bb_signal": {"rsi": true, "sma": false, "ema": false, "cci": false, "eom": false, "oc_gradient": false}, "rsi_buffer_setting": 0}}