{"indicators_count": {"rsi": 2, "sma": 2, "ema": 4, "lwma": 0, "cci": 3, "eom": 2, "oc_gradient": 1}, "spline_property": {"weights": {"rsi_0": 1.163468090352331, "rsi_1": 4.060940981264322, "sma_0": 8.31298315718332, "sma_1": 6.30446704535215, "ema_0": 6.081812241089068, "ema_1": 7.877886691199377, "ema_2": 1.3419824814714876, "ema_3": 7.029363517742517, "cci_0": 1.775806862987321, "cci_1": 7.694831461012244, "cci_2": 4.7867130862311535, "eom_0": 2.7857096298610444, "eom_1": 8.354591761508633, "oc_gradient_0": 3.928982832275145}, "smoothing_factors": {"rsi_0": 0.9454565011011087, "rsi_1": 1.6353410391734549, "sma_0": 1.6477292852595828, "sma_1": 0.551180435642687, "ema_0": 1.3973873338079266, "ema_1": 0.595005915781641, "ema_2": 0, "ema_3": 1.480545512035035, "cci_0": 0.2322765229527355, "cci_1": 0.9973445379628336, "cci_2": 0.3035037204639328, "eom_0": 1.9706826125825714, "eom_1": 1.902824030305173, "oc_gradient_0": 1.6361908470013429, "volume_0": 1.9474535602500467, "volatility_0": 1.1688080916849484}, "amplification_factor": {"volume_0": 0.6691308250803405, "volatility_0": 1.514489062285094}, "flip": {"rsi_0": false, "rsi_1": false, "sma_0": false, "sma_1": false, "ema_0": false, "ema_1": false, "ema_2": false, "ema_3": false, "cci_0": false, "cci_1": false, "cci_2": false, "eom_0": false, "eom_1": false, "oc_gradient_0": false, "volume_0": false, "volatility_0": false}, "major_spline_standard_upper_thresholds": 0.3460592723085621, "major_spline_standard_lower_thresholds": -0.43756008833306287}, "indicator_properties": {"timeframes": {"rsi_0": 199, "rsi_1": 155, "sma_0_1": 32, "sma_0_2": 243, "sma_1_1": 76, "sma_1_2": 189, "ema_0_1": 29, "ema_0_2": 161, "ema_1_1": 51, "ema_1_2": 209, "ema_2_1": 87, "ema_2_2": 216, "ema_3_1": 32, "ema_3_2": 236, "cci_0": 39, "cci_1": 19, "cci_2": 8, "eom_0": 128, "eom_1": 30, "volatility_0": 129, "threshold_timeframe": 20}, "rsi_standard_upper_thresholds": {"rsi_0": 73, "rsi_1": 68}, "rsi_standard_lower_thresholds": {"rsi_0": 46, "rsi_1": 17}}, "general_settings": {"spline_interpolation_factor": 4, "threshold_setting": 2, "buffer_setting": 1, "include_triggers_in_bb_signal": {"rsi": true, "sma": false, "ema": false, "cci": false, "eom": false, "oc_gradient": false}, "rsi_buffer_setting": 0}}