{"indicators_count": {"rsi": 2, "sma": 2, "ema": 4, "lwma": 0, "cci": 3, "eom": 2, "oc_gradient": 1}, "spline_property": {"weights": {"rsi_0": 7.222664107016327, "rsi_1": 4.805043747710659, "sma_0": 6.311695902014128, "sma_1": 3.6214370300256444, "ema_0": 7.480212626540765, "ema_1": 0.9492437405166267, "ema_2": 1.6891910758897302, "ema_3": 0, "cci_0": 1.5528033006939648, "cci_1": 3.097935706508758, "cci_2": 2.234617031088877, "eom_0": 4.340006892704226, "eom_1": 4.941893741848763, "oc_gradient_0": 2.14746099726457}, "smoothing_factors": {"rsi_0": 0.21387320279666833, "rsi_1": 0.30694781165553064, "sma_0": 0.4448371039520744, "sma_1": 0, "ema_0": 0, "ema_1": 0.7214000877818678, "ema_2": 0.2613599987443596, "ema_3": 2.078174694561976, "cci_0": 0, "cci_1": 0.818844037388403, "cci_2": 1.452113685522591, "eom_0": 1.9625208316066376, "eom_1": 0.7562262674493276, "oc_gradient_0": 0.2083165766148225, "volume_0": 0.9305115490959186, "volatility_0": 1.6442589699600412}, "amplification_factor": {"volume_0": 2.486797074651595, "volatility_0": 0.27721414914665243}, "flip": {"rsi_0": false, "rsi_1": false, "sma_0": false, "sma_1": false, "ema_0": false, "ema_1": false, "ema_2": false, "ema_3": false, "cci_0": false, "cci_1": false, "cci_2": false, "eom_0": false, "eom_1": false, "oc_gradient_0": false, "volume_0": false, "volatility_0": false}, "major_spline_standard_upper_thresholds": 0.3781691337689332, "major_spline_standard_lower_thresholds": -0.5384029546799791}, "indicator_properties": {"timeframes": {"rsi_0": 7, "rsi_1": 221, "sma_0_1": 38, "sma_0_2": 176, "sma_1_1": 97, "sma_1_2": 175, "ema_0_1": 33, "ema_0_2": 201, "ema_1_1": 47, "ema_1_2": 176, "ema_2_1": 76, "ema_2_2": 236, "ema_3_1": 20, "ema_3_2": 191, "cci_0": 156, "cci_1": 112, "cci_2": 26, "eom_0": 92, "eom_1": 19, "volatility_0": 236, "threshold_timeframe": 22}, "rsi_standard_upper_thresholds": {"rsi_0": 51, "rsi_1": 57}, "rsi_standard_lower_thresholds": {"rsi_0": 15, "rsi_1": 47}}, "general_settings": {"spline_interpolation_factor": 4, "threshold_setting": 2, "buffer_setting": 1, "include_triggers_in_bb_signal": {"rsi": true, "sma": false, "ema": false, "cci": false, "eom": false, "oc_gradient": false}, "rsi_buffer_setting": 0}}