{"indicators_count": {"rsi": 2, "sma": 2, "ema": 4, "lwma": 0, "cci": 3, "eom": 2, "oc_gradient": 1}, "spline_property": {"weights": {"rsi_0": 2.49965618002556, "rsi_1": 3.2265103355330758, "sma_0": 1.9911512411502148, "sma_1": 2.0919899985188826, "ema_0": 1.3995877775386587, "ema_1": 0.6808559851419438, "ema_2": 0.23974607689109417, "ema_3": 6.931809974846753, "cci_0": 1.0071476332592617, "cci_1": 7.444909645928139, "cci_2": 2.04224853131051, "eom_0": 3.8811775781103375, "eom_1": 5.563541177477941, "oc_gradient_0": 6.541899992493777}, "smoothing_factors": {"rsi_0": 0.16210419221453198, "rsi_1": 1.4690054902385274, "sma_0": 1.447473123781877, "sma_1": 0.5771947893115137, "ema_0": 1.7178391689149106, "ema_1": 2.7062060414869293, "ema_2": 0.5057875337050415, "ema_3": 0.8734409914978054, "cci_0": 0.7588535486378628, "cci_1": 0.4056905346876616, "cci_2": 2.016673430439802, "eom_0": 2.208539068612457, "eom_1": 1.5256134221706907, "oc_gradient_0": 0.8120300865153016, "volume_0": 1.2859292327961007, "volatility_0": 1.9575776949942656}, "amplification_factor": {"volume_0": 2.27417247117909, "volatility_0": 0.7700028523587333}, "flip": {"rsi_0": false, "rsi_1": false, "sma_0": false, "sma_1": true, "ema_0": false, "ema_1": false, "ema_2": true, "ema_3": true, "cci_0": false, "cci_1": true, "cci_2": false, "eom_0": true, "eom_1": false, "oc_gradient_0": true, "volume_0": false, "volatility_0": false}, "major_spline_standard_upper_thresholds": 0.5449292915271149, "major_spline_standard_lower_thresholds": -0.6}, "indicator_properties": {"timeframes": {"rsi_0": 57, "rsi_1": 245, "sma_0_1": 3, "sma_0_2": 189, "sma_1_1": 2, "sma_1_2": 215, "ema_0_1": 76, "ema_0_2": 177, "ema_1_1": 46, "ema_1_2": 172, "ema_2_1": 36, "ema_2_2": 150, "ema_3_1": 17, "ema_3_2": 188, "cci_0": 208, "cci_1": 6, "cci_2": 41, "eom_0": 213, "eom_1": 102, "volatility_0": 81, "threshold_timeframe": 20}, "rsi_standard_upper_thresholds": {"rsi_0": 81, "rsi_1": 52}, "rsi_standard_lower_thresholds": {"rsi_0": 13, "rsi_1": 43}}, "general_settings": {"spline_interpolation_factor": 4, "threshold_setting": 2, "buffer_setting": 1, "include_triggers_in_bb_signal": {"rsi": true, "sma": false, "ema": false, "cci": false, "eom": false, "oc_gradient": false}, "rsi_buffer_setting": 0}}