{"indicators_count": {"rsi": 2, "sma": 2, "ema": 4, "lwma": 0, "cci": 3, "eom": 2, "oc_gradient": 1}, "spline_property": {"weights": {"rsi_0": 7.671185859184564, "rsi_1": 1.339031840118886, "sma_0": 3.882111586104328, "sma_1": 8.814906034550457, "ema_0": 4.146186264390082, "ema_1": 8.523663598593947, "ema_2": 9.76821600715771, "ema_3": 7.898739027873049, "cci_0": 5.158942461885582, "cci_1": 2.0141823754756984, "cci_2": 0.5318500883288724, "eom_0": 7.636012067713015, "eom_1": 0.6408666425781362, "oc_gradient_0": 9.61426121766374}, "smoothing_factors": {"rsi_0": 0.8412827604287529, "rsi_1": 1.4307819107434607, "sma_0": 0.7709152098206369, "sma_1": 1.4203654359832025, "ema_0": 0.39078861100599016, "ema_1": 1.281150085967973, "ema_2": 1.5831454060710484, "ema_3": 0.17876861076595385, "cci_0": 1.6064980423758268, "cci_1": 1.4354107346512117, "cci_2": 1.0019076715547321, "eom_0": 0.2726272149573288, "eom_1": 1.2106659658034573, "oc_gradient_0": 0, "volume_0": 0.8017808627609542, "volatility_0": 0.974226716174146}, "amplification_factor": {"volume_0": 2.0435899070442787, "volatility_0": 2.595841878543805}, "flip": {"rsi_0": false, "rsi_1": false, "sma_0": false, "sma_1": false, "ema_0": false, "ema_1": false, "ema_2": false, "ema_3": false, "cci_0": false, "cci_1": false, "cci_2": false, "eom_0": false, "eom_1": false, "oc_gradient_0": false, "volume_0": false, "volatility_0": false}, "major_spline_standard_upper_thresholds": 0.4176092491997042, "major_spline_standard_lower_thresholds": -0.5865956047471922}, "indicator_properties": {"timeframes": {"rsi_0": 128, "rsi_1": 178, "sma_0_1": 29, "sma_0_2": 242, "sma_1_1": 52, "sma_1_2": 171, "ema_0_1": 2, "ema_0_2": 151, "ema_1_1": 22, "ema_1_2": 203, "ema_2_1": 85, "ema_2_2": 204, "ema_3_1": 38, "ema_3_2": 193, "cci_0": 2, "cci_1": 84, "cci_2": 236, "eom_0": 171, "eom_1": 106, "volatility_0": 86, "threshold_timeframe": 20}, "rsi_standard_upper_thresholds": {"rsi_0": 87, "rsi_1": 69}, "rsi_standard_lower_thresholds": {"rsi_0": 22, "rsi_1": 24}}, "general_settings": {"spline_interpolation_factor": 4, "threshold_setting": 2, "buffer_setting": 1, "include_triggers_in_bb_signal": {"rsi": true, "sma": false, "ema": false, "cci": false, "eom": false, "oc_gradient": false}, "rsi_buffer_setting": 0}}