{"indicators_count": {"rsi": 2, "sma": 2, "ema": 4, "lwma": 0, "cci": 3, "eom": 2, "oc_gradient": 1}, "spline_property": {"weights": {"rsi_0": 6.892747037035452, "rsi_1": 7.185381898460451, "sma_0": 10.484153653268734, "sma_1": 6.093660486215246, "ema_0": 3.9587677969067316, "ema_1": 2.8540494366859255, "ema_2": 3.557168777063285, "ema_3": 3.37984034829725, "cci_0": 5.621304839230762, "cci_1": 3.0847197460414186, "cci_2": 2.941971501990454, "eom_0": 8.36684812601411, "eom_1": 3.0397838687786036, "oc_gradient_0": 2.8539287844891454}, "smoothing_factors": {"rsi_0": 0.2109412306395254, "rsi_1": 1.803034442552089, "sma_0": 0.9078815797406139, "sma_1": 0.9437279552613712, "ema_0": 1.6341220581336486, "ema_1": 1.004462919553383, "ema_2": 2.375855087741958, "ema_3": 0.48044263558459677, "cci_0": 2.096359737779327, "cci_1": 2.076574249900477, "cci_2": 0.3665389076849399, "eom_0": 0.3996165752684455, "eom_1": 0.9253368188707731, "oc_gradient_0": 0.7352492054449464, "volume_0": 1.390922405150428, "volatility_0": 1.6099868702528466}, "amplification_factor": {"volume_0": 1.0096058874490468, "volatility_0": 1.4412192389147296}, "flip": {"rsi_0": false, "rsi_1": false, "sma_0": false, "sma_1": false, "ema_0": false, "ema_1": false, "ema_2": false, "ema_3": false, "cci_0": false, "cci_1": false, "cci_2": false, "eom_0": false, "eom_1": false, "oc_gradient_0": false, "volume_0": false, "volatility_0": false}, "major_spline_standard_upper_thresholds": 0.3, "major_spline_standard_lower_thresholds": -0.3720827677873604}, "indicator_properties": {"timeframes": {"rsi_0": 103, "rsi_1": 89, "sma_0_1": 29, "sma_0_2": 236, "sma_1_1": 69, "sma_1_2": 198, "ema_0_1": 19, "ema_0_2": 220, "ema_1_1": 30, "ema_1_2": 165, "ema_2_1": 82, "ema_2_2": 209, "ema_3_1": 49, "ema_3_2": 168, "cci_0": 124, "cci_1": 100, "cci_2": 177, "eom_0": 195, "eom_1": 171, "volatility_0": 53, "threshold_timeframe": 14}, "rsi_standard_upper_thresholds": {"rsi_0": 57, "rsi_1": 66}, "rsi_standard_lower_thresholds": {"rsi_0": 10, "rsi_1": 32}}, "general_settings": {"spline_interpolation_factor": 4, "threshold_setting": 2, "buffer_setting": 1, "include_triggers_in_bb_signal": {"rsi": true, "sma": false, "ema": false, "cci": false, "eom": false, "oc_gradient": false}, "rsi_buffer_setting": 0}}