{"indicators_count": {"rsi": 2, "sma": 2, "ema": 4, "lwma": 0, "cci": 3, "eom": 2, "oc_gradient": 1}, "spline_property": {"weights": {"rsi_0": 5.4764581149932665, "rsi_1": 6.688619694331463, "sma_0": 0.49785083105543304, "sma_1": 5.96343471456124, "ema_0": 0.6823985678110855, "ema_1": 0.3434904860409338, "ema_2": 0.7667696346141628, "ema_3": 1.5240380995601777, "cci_0": 3.070719970508089, "cci_1": 7.021492266555923, "cci_2": 4.737960491636921, "eom_0": 0.848276648788866, "eom_1": 3.0132522171348395, "oc_gradient_0": 7.818895877990062}, "smoothing_factors": {"rsi_0": 1.378392379681931, "rsi_1": 0.7115727570065278, "sma_0": 1.7811854053287635, "sma_1": 1.193472941975647, "ema_0": 0.7384714781294408, "ema_1": 1.4513599495907548, "ema_2": 0.792381827775464, "ema_3": 0.33368467757822673, "cci_0": 1.0058353043115869, "cci_1": 1.3933035931880127, "cci_2": 0.39629410342168025, "eom_0": 1.3173360686617797, "eom_1": 0.345077160380417, "oc_gradient_0": 1.3763334405724634, "volume_0": 0.7004918166247158, "volatility_0": 0.5946769303391581}, "amplification_factor": {"volume_0": 1.180423155326435, "volatility_0": 2.7560602055564343}, "flip": {"rsi_0": false, "rsi_1": false, "sma_0": false, "sma_1": false, "ema_0": false, "ema_1": false, "ema_2": false, "ema_3": false, "cci_0": false, "cci_1": false, "cci_2": false, "eom_0": false, "eom_1": false, "oc_gradient_0": false, "volume_0": false, "volatility_0": false}, "major_spline_standard_upper_thresholds": 0.5651301663245399, "major_spline_standard_lower_thresholds": -0.3292758957039507}, "indicator_properties": {"timeframes": {"rsi_0": 167, "rsi_1": 119, "sma_0_1": 86, "sma_0_2": 196, "sma_1_1": 4, "sma_1_2": 231, "ema_0_1": 95, "ema_0_2": 157, "ema_1_1": 17, "ema_1_2": 169, "ema_2_1": 23, "ema_2_2": 215, "ema_3_1": 46, "ema_3_2": 242, "cci_0": 181, "cci_1": 179, "cci_2": 71, "eom_0": 119, "eom_1": 207, "volatility_0": 178, "threshold_timeframe": 20}, "rsi_standard_upper_thresholds": {"rsi_0": 53, "rsi_1": 56}, "rsi_standard_lower_thresholds": {"rsi_0": 31, "rsi_1": 10}}, "general_settings": {"spline_interpolation_factor": 4, "threshold_setting": 2, "buffer_setting": 1, "include_triggers_in_bb_signal": {"rsi": true, "sma": false, "ema": false, "cci": false, "eom": false, "oc_gradient": false}, "rsi_buffer_setting": 0}}