{"indicators_count": {"rsi": 2, "sma": 2, "ema": 4, "lwma": 0, "cci": 3, "eom": 2, "oc_gradient": 1}, "spline_property": {"weights": {"rsi_0": 7.8558844971737685, "rsi_1": 2.704834293551742, "sma_0": 1.7017333283396883, "sma_1": 8.303299519221468, "ema_0": 1.9305077590807036, "ema_1": 3.125616995832867, "ema_2": 3.5610219175811944, "ema_3": 1.5148959796620265, "cci_0": 7.107587632462071, "cci_1": 3.918936681475908, "cci_2": 4.096047125287204, "eom_0": 5.807519897012209, "eom_1": 9.710205029635201, "oc_gradient_0": 0.467700127662619}, "smoothing_factors": {"rsi_0": 0, "rsi_1": 1.6161199075389485, "sma_0": 1.6470060924282275, "sma_1": 2.051417952521589, "ema_0": 0.3849507558813382, "ema_1": 2.6238011141399076, "ema_2": 0.971916889716341, "ema_3": 1.7817141437095576, "cci_0": 0.3014172887609694, "cci_1": 0.3197929293522316, "cci_2": 2.6725159216743375, "eom_0": 0.29110826793805844, "eom_1": 0.899798317431881, "oc_gradient_0": 1.6789052581035506, "volume_0": 1.0433947926566205, "volatility_0": 1.0406729659724276}, "amplification_factor": {"volume_0": 2.429657395649475, "volatility_0": 0.6798112710151876}, "flip": {"rsi_0": true, "rsi_1": true, "sma_0": false, "sma_1": false, "ema_0": false, "ema_1": false, "ema_2": false, "ema_3": true, "cci_0": false, "cci_1": false, "cci_2": false, "eom_0": true, "eom_1": false, "oc_gradient_0": false, "volume_0": true, "volatility_0": false}, "major_spline_standard_upper_thresholds": 0.41399175596769927, "major_spline_standard_lower_thresholds": -0.5689387413430189}, "indicator_properties": {"timeframes": {"rsi_0": 177, "rsi_1": 120, "sma_0_1": 5, "sma_0_2": 234, "sma_1_1": 35, "sma_1_2": 237, "ema_0_1": 73, "ema_0_2": 170, "ema_1_1": 24, "ema_1_2": 147, "ema_2_1": 47, "ema_2_2": 241, "ema_3_1": 21, "ema_3_2": 178, "cci_0": 7, "cci_1": 170, "cci_2": 100, "eom_0": 234, "eom_1": 165, "volatility_0": 162, "threshold_timeframe": 6}, "rsi_standard_upper_thresholds": {"rsi_0": 88, "rsi_1": 89}, "rsi_standard_lower_thresholds": {"rsi_0": 36, "rsi_1": 34}}, "general_settings": {"spline_interpolation_factor": 4, "threshold_setting": 2, "buffer_setting": 1, "include_triggers_in_bb_signal": {"rsi": true, "sma": false, "ema": false, "cci": false, "eom": false, "oc_gradient": false}, "rsi_buffer_setting": 0}}