{"indicators_count": {"rsi": 2, "sma": 2, "ema": 4, "lwma": 0, "cci": 3, "eom": 2, "oc_gradient": 1}, "spline_property": {"weights": {"rsi_0": 6.848387234736964, "rsi_1": 2.422501247099569, "sma_0": 7.283674818303348, "sma_1": 0.6524294561645342, "ema_0": 9.213273602813242, "ema_1": 4.169920963663831, "ema_2": 5.745166908631125, "ema_3": 9.977330156116036, "cci_0": 4.712052135751338, "cci_1": 3.850108001896463, "cci_2": 7.207971188347639, "eom_0": 5.372547303941541, "eom_1": 1.445942526159516, "oc_gradient_0": 3.5809590488820184}, "smoothing_factors": {"rsi_0": 0.4551784593800261, "rsi_1": 0.5273244234841565, "sma_0": 0.7353787499179809, "sma_1": 0.3815308135924458, "ema_0": 0, "ema_1": 1.0821204802510591, "ema_2": 0.6158142264228723, "ema_3": 0.1544284718570882, "cci_0": 0.31186981556185334, "cci_1": 1.2256880327487631, "cci_2": 2.4030280584606483, "eom_0": 1.1380736494767025, "eom_1": 0.4472333180378696, "oc_gradient_0": 0.8405263203231591, "volume_0": 0.5321196447349148, "volatility_0": 2.2188029865617755}, "amplification_factor": {"volume_0": 1.6114318088912931, "volatility_0": 1.3547146543343036}, "flip": {"rsi_0": false, "rsi_1": false, "sma_0": false, "sma_1": false, "ema_0": false, "ema_1": false, "ema_2": false, "ema_3": false, "cci_0": false, "cci_1": false, "cci_2": false, "eom_0": false, "eom_1": false, "oc_gradient_0": false, "volume_0": false, "volatility_0": false}, "major_spline_standard_upper_thresholds": 0.4105640021631182, "major_spline_standard_lower_thresholds": -0.49585262239943306}, "indicator_properties": {"timeframes": {"rsi_0": 209, "rsi_1": 165, "sma_0_1": 75, "sma_0_2": 170, "sma_1_1": 29, "sma_1_2": 157, "ema_0_1": 35, "ema_0_2": 224, "ema_1_1": 68, "ema_1_2": 186, "ema_2_1": 32, "ema_2_2": 187, "ema_3_1": 2, "ema_3_2": 217, "cci_0": 205, "cci_1": 85, "cci_2": 49, "eom_0": 182, "eom_1": 108, "volatility_0": 180, "threshold_timeframe": 20}, "rsi_standard_upper_thresholds": {"rsi_0": 55, "rsi_1": 58}, "rsi_standard_lower_thresholds": {"rsi_0": 27, "rsi_1": 39}}, "general_settings": {"spline_interpolation_factor": 4, "threshold_setting": 2, "buffer_setting": 1, "include_triggers_in_bb_signal": {"rsi": true, "sma": false, "ema": false, "cci": false, "eom": false, "oc_gradient": false}, "rsi_buffer_setting": 0}}