{"indicators_count": {"rsi": 2, "sma": 2, "ema": 4, "lwma": 0, "cci": 3, "eom": 2, "oc_gradient": 1}, "spline_property": {"weights": {"rsi_0": 6.037087844615511, "rsi_1": 2.2348790302495782, "sma_0": 3.9919676035938254, "sma_1": 3.1027190507665545, "ema_0": 9.877938246847194, "ema_1": 3.851235969781037, "ema_2": 1.4063562671008194, "ema_3": 2.2767638840314994, "cci_0": 4.467087034109056, "cci_1": 1.5931389657014638, "cci_2": 8.578103800536342, "eom_0": 0.6498853900662779, "eom_1": 0.8593542175150417, "oc_gradient_0": 1.42039422657441}, "smoothing_factors": {"rsi_0": 0.10213043234491881, "rsi_1": 0.33749259002986953, "sma_0": 0, "sma_1": 1.4394732921811482, "ema_0": 0.8198839858178351, "ema_1": 1.998819230738393, "ema_2": 1.301546501002228, "ema_3": 0.2726219865683862, "cci_0": 1.9850744451804387, "cci_1": 0.2738399432983558, "cci_2": 0.25702627337826783, "eom_0": 2.1224642513090566, "eom_1": 1.7956542236862418, "oc_gradient_0": 0.026384682423666928, "volume_0": 1.921231693756678, "volatility_0": 2.3769717807724584}, "amplification_factor": {"volume_0": 0.9814585875878367, "volatility_0": 0.7392436395239846}, "flip": {"rsi_0": false, "rsi_1": false, "sma_0": false, "sma_1": false, "ema_0": false, "ema_1": false, "ema_2": false, "ema_3": false, "cci_0": false, "cci_1": false, "cci_2": false, "eom_0": false, "eom_1": false, "oc_gradient_0": false, "volume_0": false, "volatility_0": false}, "major_spline_standard_upper_thresholds": 0.5100761343863496, "major_spline_standard_lower_thresholds": -0.3143631849777178}, "indicator_properties": {"timeframes": {"rsi_0": 122, "rsi_1": 215, "sma_0_1": 88, "sma_0_2": 184, "sma_1_1": 33, "sma_1_2": 150, "ema_0_1": 74, "ema_0_2": 244, "ema_1_1": 94, "ema_1_2": 198, "ema_2_1": 12, "ema_2_2": 162, "ema_3_1": 53, "ema_3_2": 245, "cci_0": 41, "cci_1": 83, "cci_2": 138, "eom_0": 82, "eom_1": 97, "volatility_0": 12, "threshold_timeframe": 8}, "rsi_standard_upper_thresholds": {"rsi_0": 86, "rsi_1": 69}, "rsi_standard_lower_thresholds": {"rsi_0": 20, "rsi_1": 49}}, "general_settings": {"spline_interpolation_factor": 4, "threshold_setting": 2, "buffer_setting": 1, "include_triggers_in_bb_signal": {"rsi": true, "sma": false, "ema": false, "cci": false, "eom": false, "oc_gradient": false}, "rsi_buffer_setting": 0}}