{"indicators_count": {"rsi": 2, "sma": 2, "ema": 4, "lwma": 0, "cci": 3, "eom": 2, "oc_gradient": 1}, "spline_property": {"weights": {"rsi_0": 7.444928075779626, "rsi_1": 9.765932539405267, "sma_0": 3.530512807055947, "sma_1": 3.679290700058238, "ema_0": 0.7274122889326708, "ema_1": 6.594763199886074, "ema_2": 4.288907391494254, "ema_3": 0.017235727260204503, "cci_0": 7.80162980966534, "cci_1": 1.4215464638859858, "cci_2": 2.5806509298065587, "eom_0": 9.136678439207639, "eom_1": 7.83183371512271, "oc_gradient_0": 6.793306664788106}, "smoothing_factors": {"rsi_0": 1.1371212231498093, "rsi_1": 1.3704197540845935, "sma_0": 1.2731479665859946, "sma_1": 1.2223430579462795, "ema_0": 1.8386204946933153, "ema_1": 1.9871230342911281, "ema_2": 0.22986385105947837, "ema_3": 1.2704700208663122, "cci_0": 0.17743834722188045, "cci_1": 0.1256776592382981, "cci_2": 1.1528273339417616, "eom_0": 1.551568191180504, "eom_1": 2.3508603820423835, "oc_gradient_0": 0.8028117940890913, "volume_0": 0.48766025051056744, "volatility_0": 2.084752531259017}, "amplification_factor": {"volume_0": 2.9776492011138593, "volatility_0": 2.763020484626952}, "flip": {"rsi_0": false, "rsi_1": false, "sma_0": false, "sma_1": false, "ema_0": false, "ema_1": false, "ema_2": false, "ema_3": false, "cci_0": false, "cci_1": false, "cci_2": false, "eom_0": false, "eom_1": false, "oc_gradient_0": false, "volume_0": false, "volatility_0": false}, "major_spline_standard_upper_thresholds": 0.5252299419708077, "major_spline_standard_lower_thresholds": -0.5046341206311905}, "indicator_properties": {"timeframes": {"rsi_0": 24, "rsi_1": 145, "sma_0_1": 53, "sma_0_2": 235, "sma_1_1": 48, "sma_1_2": 243, "ema_0_1": 30, "ema_0_2": 253, "ema_1_1": 20, "ema_1_2": 224, "ema_2_1": 62, "ema_2_2": 188, "ema_3_1": 17, "ema_3_2": 195, "cci_0": 143, "cci_1": 113, "cci_2": 68, "eom_0": 144, "eom_1": 230, "volatility_0": 161, "threshold_timeframe": 15}, "rsi_standard_upper_thresholds": {"rsi_0": 65, "rsi_1": 63}, "rsi_standard_lower_thresholds": {"rsi_0": 33, "rsi_1": 24}}, "general_settings": {"spline_interpolation_factor": 4, "threshold_setting": 2, "buffer_setting": 1, "include_triggers_in_bb_signal": {"rsi": true, "sma": false, "ema": false, "cci": false, "eom": false, "oc_gradient": false}, "rsi_buffer_setting": 0}}