{"indicators_count": {"rsi": 2, "sma": 2, "ema": 4, "lwma": 0, "cci": 3, "eom": 2, "oc_gradient": 1}, "spline_property": {"weights": {"rsi_0": 9.143826214642498, "rsi_1": 7.977403929743097, "sma_0": 7.128823835684427, "sma_1": 5.165464660628466, "ema_0": 9.921977218661318, "ema_1": 8.566521931411858, "ema_2": 0.8517942752729102, "ema_3": 2.168419965830166, "cci_0": 8.531926090652924, "cci_1": 4.170087002842089, "cci_2": 4.920534078324193, "eom_0": 1.7572297468568854, "eom_1": 2.4424884683568338, "oc_gradient_0": 9.457206110475854}, "smoothing_factors": {"rsi_0": 1.418538971362047, "rsi_1": 1.794583586481736, "sma_0": 0.7639804645260015, "sma_1": 0.16465861062291354, "ema_0": 1.1703126026987307, "ema_1": 0.8803118219804862, "ema_2": 0.6833537103290157, "ema_3": 0.010048437532287346, "cci_0": 1.4657452764901402, "cci_1": 1.9757996079222544, "cci_2": 0.6736449099651363, "eom_0": 1.2277931043103008, "eom_1": 0.6716298856070495, "oc_gradient_0": 0.9455075507166728, "volume_0": 1.3178393099235814, "volatility_0": 1.0905213190669243}, "amplification_factor": {"volume_0": 2.051832273641883, "volatility_0": 2.7519269499493686}, "flip": {"rsi_0": false, "rsi_1": false, "sma_0": false, "sma_1": false, "ema_0": true, "ema_1": false, "ema_2": false, "ema_3": false, "cci_0": false, "cci_1": false, "cci_2": false, "eom_0": false, "eom_1": false, "oc_gradient_0": false, "volume_0": false, "volatility_0": false}, "major_spline_standard_upper_thresholds": 0.5427858811462926, "major_spline_standard_lower_thresholds": -0.5694401609284895}, "indicator_properties": {"timeframes": {"rsi_0": 53, "rsi_1": 198, "sma_0_1": 6, "sma_0_2": 182, "sma_1_1": 99, "sma_1_2": 175, "ema_0_1": 84, "ema_0_2": 178, "ema_1_1": 56, "ema_1_2": 202, "ema_2_1": 52, "ema_2_2": 200, "ema_3_1": 86, "ema_3_2": 244, "cci_0": 234, "cci_1": 135, "cci_2": 49, "eom_0": 91, "eom_1": 8, "volatility_0": 50, "threshold_timeframe": 20}, "rsi_standard_upper_thresholds": {"rsi_0": 86, "rsi_1": 62}, "rsi_standard_lower_thresholds": {"rsi_0": 22, "rsi_1": 20}}}