{"indicators_count": {"rsi": 2, "sma": 2, "ema": 4, "lwma": 0, "cci": 3, "eom": 2, "oc_gradient": 1}, "spline_property": {"weights": {"rsi_0": 2.287159803674695, "rsi_1": 8.303217664064976, "sma_0": 5.868324066344922, "sma_1": 3.6501340234041058, "ema_0": 2.6407604354263934, "ema_1": 3.170607166782654, "ema_2": 6.730327510306777, "ema_3": 0.5763026125359849, "cci_0": 5.713633088851867, "cci_1": 0.683908943720788, "cci_2": 6.3866356932542825, "eom_0": 5.377552159738483, "eom_1": 1.99629174538121, "oc_gradient_0": 7.838779965439198}, "smoothing_factors": {"rsi_0": 1.7933430956908822, "rsi_1": 1.216966305123187, "sma_0": 1.6866360463226198, "sma_1": 0.4583971657439816, "ema_0": 0.14930257780613498, "ema_1": 1.249828026504884, "ema_2": 0.7607897064966646, "ema_3": 1.575336117330642, "cci_0": 1.076763868179099, "cci_1": 0.5534579217773212, "cci_2": 1.5316642385656656, "eom_0": 1.9276705246431576, "eom_1": 0.9828859409079722, "oc_gradient_0": 1.6061439748350816, "volume_0": 0.9855237682829361, "volatility_0": 0.5961385140511819}, "amplification_factor": {"volume_0": 1.2883665291968232, "volatility_0": 2.0563929162056227}, "flip": {"rsi_0": false, "rsi_1": false, "sma_0": false, "sma_1": false, "ema_0": false, "ema_1": false, "ema_2": false, "ema_3": false, "cci_0": false, "cci_1": false, "cci_2": false, "eom_0": false, "eom_1": false, "oc_gradient_0": false, "volume_0": false, "volatility_0": false}, "major_spline_standard_upper_thresholds": 0.44911370115295424, "major_spline_standard_lower_thresholds": -0.3482669805605543}, "indicator_properties": {"timeframes": {"rsi_0": 23, "rsi_1": 43, "sma_0_1": 84, "sma_0_2": 164, "sma_1_1": 99, "sma_1_2": 222, "ema_0_1": 51, "ema_0_2": 232, "ema_1_1": 29, "ema_1_2": 233, "ema_2_1": 72, "ema_2_2": 189, "ema_3_1": 72, "ema_3_2": 168, "cci_0": 210, "cci_1": 159, "cci_2": 55, "eom_0": 65, "eom_1": 104, "volatility_0": 244, "threshold_timeframe": 17}, "rsi_standard_upper_thresholds": {"rsi_0": 61, "rsi_1": 71}, "rsi_standard_lower_thresholds": {"rsi_0": 39, "rsi_1": 35}}, "general_settings": {"spline_interpolation_factor": 4, "threshold_setting": 2, "buffer_setting": 1, "include_triggers_in_bb_signal": {"rsi": true, "sma": false, "ema": false, "cci": false, "eom": false, "oc_gradient": false}, "rsi_buffer_setting": 0}}