{"indicators_count": {"rsi": 2, "sma": 2, "ema": 4, "lwma": 0, "cci": 3, "eom": 2, "oc_gradient": 1}, "spline_property": {"weights": {"rsi_0": 2.5468797689572376, "rsi_1": 2.5289203218736387, "sma_0": 5.411142317009344, "sma_1": 6.481217826388974, "ema_0": 5.842733515716969, "ema_1": 2.776775397305229, "ema_2": 1.5858724347217021, "ema_3": 5.116237789635345, "cci_0": 7.865211243733405, "cci_1": 2.3632920819446754, "cci_2": 3.522636235115024, "eom_0": 4.74171853744386, "eom_1": 1.675023528046088, "oc_gradient_0": 3.6246233045905067}, "smoothing_factors": {"rsi_0": 1.0632725856895304, "rsi_1": 1.4907775130437948, "sma_0": 0.6166757617157375, "sma_1": 0, "ema_0": 0.4329281763636661, "ema_1": 0.6582999427824362, "ema_2": 1.4858233387198, "ema_3": 1.2059853467201778, "cci_0": 1.19525157546378, "cci_1": 1.9949376741874376, "cci_2": 1.1936841698021579, "eom_0": 1.4742824003013755, "eom_1": 0.6680014517826333, "oc_gradient_0": 0.11933212311636776, "volume_0": 1.230546484247002, "volatility_0": 1.6885383904361422}, "amplification_factor": {"volume_0": 2.2113266682956096, "volatility_0": 0.8729623914463868}, "flip": {"rsi_0": false, "rsi_1": false, "sma_0": false, "sma_1": false, "ema_0": false, "ema_1": false, "ema_2": false, "ema_3": false, "cci_0": false, "cci_1": false, "cci_2": true, "eom_0": true, "eom_1": false, "oc_gradient_0": true, "volume_0": false, "volatility_0": false}, "major_spline_standard_upper_thresholds": 0.4556138410314032, "major_spline_standard_lower_thresholds": -0.5202974015608111}, "indicator_properties": {"timeframes": {"rsi_0": 135, "rsi_1": 4, "sma_0_1": 6, "sma_0_2": 233, "sma_1_1": 30, "sma_1_2": 226, "ema_0_1": 38, "ema_0_2": 243, "ema_1_1": 96, "ema_1_2": 246, "ema_2_1": 92, "ema_2_2": 231, "ema_3_1": 86, "ema_3_2": 181, "cci_0": 67, "cci_1": 25, "cci_2": 42, "eom_0": 47, "eom_1": 136, "volatility_0": 123, "threshold_timeframe": 20}, "rsi_standard_upper_thresholds": {"rsi_0": 62, "rsi_1": 85}, "rsi_standard_lower_thresholds": {"rsi_0": 48, "rsi_1": 46}}, "general_settings": {"spline_interpolation_factor": 4, "threshold_setting": 2, "buffer_setting": 1, "include_triggers_in_bb_signal": {"rsi": true, "sma": false, "ema": false, "cci": false, "eom": false, "oc_gradient": false}, "rsi_buffer_setting": 0}}