{"indicators_count": {"rsi": 2, "sma": 2, "ema": 4, "lwma": 0, "cci": 3, "eom": 2, "oc_gradient": 1}, "spline_property": {"weights": {"rsi_0": 8.652717105122976, "rsi_1": 7.5368759459556784, "sma_0": 6.020016077681393, "sma_1": 5.4273414097119055, "ema_0": 5.527850346163329, "ema_1": 3.337444768135555, "ema_2": 0.6464499316248636, "ema_3": 2.678894466239954, "cci_0": 8.681840746785639, "cci_1": 9.519643481225334, "cci_2": 0.6268462448339506, "eom_0": 2.3854672658185048, "eom_1": 1.7360170485942927, "oc_gradient_0": 1.63164899732751}, "smoothing_factors": {"rsi_0": 1.7349394484843477, "rsi_1": 0.6384812120875581, "sma_0": 1.1667527011907235, "sma_1": 1.3645727209717327, "ema_0": 1.6967816984110051, "ema_1": 0.1997144472841939, "ema_2": 2.0664522316606213, "ema_3": 1.4742478992991384, "cci_0": 1.079046192096896, "cci_1": 0.9482794004950545, "cci_2": 0, "eom_0": 0.9417934519711262, "eom_1": 0.6631250160049853, "oc_gradient_0": 0.1629395377809349, "volume_0": 0.9529063734551226, "volatility_0": 1.4970416356927432}, "amplification_factor": {"volume_0": 2.3984587345801227, "volatility_0": 0.019917288617322892}, "flip": {"rsi_0": false, "rsi_1": false, "sma_0": false, "sma_1": false, "ema_0": false, "ema_1": false, "ema_2": false, "ema_3": false, "cci_0": false, "cci_1": false, "cci_2": false, "eom_0": false, "eom_1": false, "oc_gradient_0": false, "volume_0": false, "volatility_0": false}, "major_spline_standard_upper_thresholds": 0.4998389617388329, "major_spline_standard_lower_thresholds": -0.5335042127268187}, "indicator_properties": {"timeframes": {"rsi_0": 172, "rsi_1": 176, "sma_0_1": 35, "sma_0_2": 169, "sma_1_1": 13, "sma_1_2": 191, "ema_0_1": 10, "ema_0_2": 178, "ema_1_1": 90, "ema_1_2": 208, "ema_2_1": 54, "ema_2_2": 225, "ema_3_1": 74, "ema_3_2": 165, "cci_0": 136, "cci_1": 28, "cci_2": 31, "eom_0": 5, "eom_1": 225, "volatility_0": 112, "threshold_timeframe": 6}, "rsi_standard_upper_thresholds": {"rsi_0": 59, "rsi_1": 89}, "rsi_standard_lower_thresholds": {"rsi_0": 23, "rsi_1": 44}}, "general_settings": {"spline_interpolation_factor": 4, "threshold_setting": 2, "buffer_setting": 1, "include_triggers_in_bb_signal": {"rsi": true, "sma": false, "ema": false, "cci": false, "eom": false, "oc_gradient": false}, "rsi_buffer_setting": 0}}