{"indicators_count": {"rsi": 2, "sma": 2, "ema": 4, "lwma": 0, "cci": 3, "eom": 2, "oc_gradient": 1}, "spline_property": {"weights": {"rsi_0": 1.4271737501905346, "rsi_1": 5.446590812790234, "sma_0": 6.4610955082607875, "sma_1": 5.445378048119079, "ema_0": 1.6001097185619315, "ema_1": 8.398377535453708, "ema_2": 6.091340358022035, "ema_3": 5.256479845398799, "cci_0": 9.394818265125672, "cci_1": 8.590093325972012, "cci_2": 1.7466395996766892, "eom_0": 0.7757633813085185, "eom_1": 1.2524866227546727, "oc_gradient_0": 1.6803557696471818}, "smoothing_factors": {"rsi_0": 0, "rsi_1": 1.2051013716578143, "sma_0": 1.8420876360790437, "sma_1": 1.3675916417300382, "ema_0": 0.08714814757919187, "ema_1": 0.36230916276006564, "ema_2": 0.5876309724015993, "ema_3": 0.9813746260055576, "cci_0": 1.9412558068666779, "cci_1": 0.9699774707802917, "cci_2": 0.4242081434060234, "eom_0": 1.7100121279811298, "eom_1": 1.154893440504786, "oc_gradient_0": 0.28789480513362925, "volume_0": 1.9572147968100635, "volatility_0": 1.0847851678614835}, "amplification_factor": {"volume_0": 0.4656047497050576, "volatility_0": 1.1053899663383626}, "flip": {"rsi_0": false, "rsi_1": false, "sma_0": false, "sma_1": true, "ema_0": false, "ema_1": false, "ema_2": false, "ema_3": false, "cci_0": false, "cci_1": false, "cci_2": false, "eom_0": false, "eom_1": false, "oc_gradient_0": true, "volume_0": false, "volatility_0": false}, "major_spline_standard_upper_thresholds": 0.3, "major_spline_standard_lower_thresholds": -0.45386452268037725}, "indicator_properties": {"timeframes": {"rsi_0": 104, "rsi_1": 49, "sma_0_1": 10, "sma_0_2": 215, "sma_1_1": 3, "sma_1_2": 183, "ema_0_1": 20, "ema_0_2": 158, "ema_1_1": 44, "ema_1_2": 151, "ema_2_1": 78, "ema_2_2": 176, "ema_3_1": 44, "ema_3_2": 212, "cci_0": 3, "cci_1": 177, "cci_2": 66, "eom_0": 63, "eom_1": 238, "volatility_0": 245, "threshold_timeframe": 30}, "rsi_standard_upper_thresholds": {"rsi_0": 71, "rsi_1": 75}, "rsi_standard_lower_thresholds": {"rsi_0": 42, "rsi_1": 18}}, "general_settings": {"spline_interpolation_factor": 4, "threshold_setting": 2, "buffer_setting": 1, "include_triggers_in_bb_signal": {"rsi": true, "sma": false, "ema": false, "cci": false, "eom": false, "oc_gradient": false}, "rsi_buffer_setting": 0}}