{"indicators_count": {"rsi": 2, "sma": 2, "ema": 4, "lwma": 0, "cci": 3, "eom": 2, "oc_gradient": 1}, "spline_property": {"weights": {"rsi_0": 8.274451595455515, "rsi_1": 1.947573018026069, "sma_0": 5.049672244192787, "sma_1": 4.8730287937827725, "ema_0": 2.3630090134937847, "ema_1": 7.73949952218124, "ema_2": 6.465665183254399, "ema_3": 2.579719650385398, "cci_0": 7.933765552671834, "cci_1": 1.9488004911582864, "cci_2": 9.433685025716386, "eom_0": 5.779815805257447, "eom_1": 0, "oc_gradient_0": 4.662848819918914}, "smoothing_factors": {"rsi_0": 0, "rsi_1": 1.088653836477588, "sma_0": 0.9427906768414931, "sma_1": 2.4712231710264367, "ema_0": 0, "ema_1": 0.9479144253427964, "ema_2": 1.1488494884350327, "ema_3": 1.6407338595574386, "cci_0": 0.623394665335645, "cci_1": 0.858034420685048, "cci_2": 0.6253327059538223, "eom_0": 1.6774350933850648, "eom_1": 1.7711992243817223, "oc_gradient_0": 0.8865640098102252, "volume_0": 0.47430021615517914, "volatility_0": 1.126950751012859}, "amplification_factor": {"volume_0": 0.8045077404076522, "volatility_0": 1.7890343317188313}, "flip": {"rsi_0": false, "rsi_1": false, "sma_0": false, "sma_1": false, "ema_0": false, "ema_1": false, "ema_2": false, "ema_3": false, "cci_0": false, "cci_1": false, "cci_2": false, "eom_0": false, "eom_1": false, "oc_gradient_0": false, "volume_0": false, "volatility_0": false}, "major_spline_standard_upper_thresholds": 0.38386012733016506, "major_spline_standard_lower_thresholds": -0.3504297382756668}, "indicator_properties": {"timeframes": {"rsi_0": 234, "rsi_1": 186, "sma_0_1": 73, "sma_0_2": 252, "sma_1_1": 4, "sma_1_2": 228, "ema_0_1": 6, "ema_0_2": 172, "ema_1_1": 91, "ema_1_2": 200, "ema_2_1": 15, "ema_2_2": 159, "ema_3_1": 68, "ema_3_2": 152, "cci_0": 93, "cci_1": 82, "cci_2": 21, "eom_0": 155, "eom_1": 141, "volatility_0": 96, "threshold_timeframe": 20}, "rsi_standard_upper_thresholds": {"rsi_0": 69, "rsi_1": 90}, "rsi_standard_lower_thresholds": {"rsi_0": 18, "rsi_1": 17}}, "general_settings": {"spline_interpolation_factor": 4, "threshold_setting": 2, "buffer_setting": 1, "include_triggers_in_bb_signal": {"rsi": true, "sma": false, "ema": false, "cci": false, "eom": false, "oc_gradient": false}, "rsi_buffer_setting": 0}}