{"indicators_count": {"rsi": 2, "sma": 2, "ema": 4, "lwma": 0, "cci": 3, "eom": 2, "oc_gradient": 1}, "spline_property": {"weights": {"rsi_0": 6.154390889510515, "rsi_1": 3.278789617895863, "sma_0": 7.690268626514905, "sma_1": 2.6920798904102727, "ema_0": 0, "ema_1": 2.2752037168865336, "ema_2": 1.759038723230456, "ema_3": 1.6452958365912076, "cci_0": 3.0643715976635186, "cci_1": 4.675149693230191, "cci_2": 5.0361868759805155, "eom_0": 7.013518144657983, "eom_1": 7.149982637287161, "oc_gradient_0": 2.879119221950155}, "smoothing_factors": {"rsi_0": 0.3739154831983953, "rsi_1": 1.2059334656855931, "sma_0": 0.22231016258712766, "sma_1": 0.5304294957757374, "ema_0": 0, "ema_1": 2.924792991505265, "ema_2": 0, "ema_3": 0.5895879012025783, "cci_0": 0.7108313816517717, "cci_1": 0.5266061422584586, "cci_2": 0.1241815776897166, "eom_0": 0.7739816198989826, "eom_1": 1.1630723612282474, "oc_gradient_0": 0.8872985566671061, "volume_0": 0, "volatility_0": 1.6757371291098138}, "amplification_factor": {"volume_0": 2.940112199275303, "volatility_0": 2.5220951112608994}, "flip": {"rsi_0": false, "rsi_1": false, "sma_0": false, "sma_1": false, "ema_0": false, "ema_1": false, "ema_2": false, "ema_3": false, "cci_0": false, "cci_1": false, "cci_2": false, "eom_0": false, "eom_1": false, "oc_gradient_0": false, "volume_0": false, "volatility_0": false}, "major_spline_standard_upper_thresholds": 0.4243660511855057, "major_spline_standard_lower_thresholds": -0.5555937595368896}, "indicator_properties": {"timeframes": {"rsi_0": 229, "rsi_1": 121, "sma_0_1": 21, "sma_0_2": 160, "sma_1_1": 84, "sma_1_2": 234, "ema_0_1": 91, "ema_0_2": 195, "ema_1_1": 16, "ema_1_2": 225, "ema_2_1": 89, "ema_2_2": 227, "ema_3_1": 11, "ema_3_2": 210, "cci_0": 219, "cci_1": 238, "cci_2": 182, "eom_0": 31, "eom_1": 12, "volatility_0": 128, "threshold_timeframe": 19}, "rsi_standard_upper_thresholds": {"rsi_0": 70, "rsi_1": 80}, "rsi_standard_lower_thresholds": {"rsi_0": 21, "rsi_1": 27}}, "general_settings": {"spline_interpolation_factor": 4, "threshold_setting": 2, "buffer_setting": 1, "include_triggers_in_bb_signal": {"rsi": true, "sma": false, "ema": false, "cci": false, "eom": false, "oc_gradient": false}, "rsi_buffer_setting": 0}}