{"indicators_count": {"rsi": 2, "sma": 2, "ema": 4, "lwma": 0, "cci": 3, "eom": 2, "oc_gradient": 1}, "spline_property": {"weights": {"rsi_0": 0.07918403678388167, "rsi_1": 6.485239759351074, "sma_0": 0.4466287216701854, "sma_1": 4.020694176695659, "ema_0": 3.7198423655668185, "ema_1": 6.8370582997336, "ema_2": 7.045557453532924, "ema_3": 2.774940769428048, "cci_0": 4.760379875686848, "cci_1": 7.408841719101982, "cci_2": 11.702100258163483, "eom_0": 6.022493333762715, "eom_1": 5.778834624077263, "oc_gradient_0": 4.0067775682104685}, "smoothing_factors": {"rsi_0": 1.9707817561706835, "rsi_1": 0.5564137289259088, "sma_0": 0.4307967119862962, "sma_1": 2.5622091915548078, "ema_0": 1.312447986805594, "ema_1": 1.937666633517774, "ema_2": 1.8900540868137354, "ema_3": 2.0631165153919526, "cci_0": 3.65131527162385, "cci_1": 0, "cci_2": 2.1324356089855643, "eom_0": 0.06130423560354048, "eom_1": 0.06308647521511612, "oc_gradient_0": 1.9559858448617375, "volume_0": 1.9261341686512594, "volatility_0": 1.13883367738036}, "amplification_factor": {"volume_0": 1.100600003022485, "volatility_0": 0.7624617825877584}, "flip": {"rsi_0": false, "rsi_1": false, "sma_0": false, "sma_1": false, "ema_0": false, "ema_1": false, "ema_2": false, "ema_3": false, "cci_0": false, "cci_1": false, "cci_2": false, "eom_0": false, "eom_1": false, "oc_gradient_0": false, "volume_0": false, "volatility_0": false}, "major_spline_standard_upper_thresholds": 0.5518783332420988, "major_spline_standard_lower_thresholds": -0.4960680604158666}, "indicator_properties": {"timeframes": {"rsi_0": 256, "rsi_1": 128, "sma_0_1": 64, "sma_0_2": 166, "sma_1_1": 61, "sma_1_2": 217, "ema_0_1": 4, "ema_0_2": 171, "ema_1_1": 84, "ema_1_2": 181, "ema_2_1": 25, "ema_2_2": 169, "ema_3_1": 90, "ema_3_2": 210, "cci_0": 225, "cci_1": 87, "cci_2": 198, "eom_0": 177, "eom_1": 83, "volatility_0": 148, "threshold_timeframe": 25}, "rsi_standard_upper_thresholds": {"rsi_0": 79, "rsi_1": 53}, "rsi_standard_lower_thresholds": {"rsi_0": 14, "rsi_1": 25}}, "general_settings": {"spline_interpolation_factor": 4, "threshold_setting": 2, "buffer_setting": 1, "include_triggers_in_bb_signal": {"rsi": true, "sma": false, "ema": false, "cci": false, "eom": false, "oc_gradient": false}, "rsi_buffer_setting": 0}}