{"indicators_count": {"rsi": 2, "sma": 2, "ema": 4, "lwma": 0, "cci": 3, "eom": 2, "oc_gradient": 1}, "spline_property": {"weights": {"rsi_0": 8.652875669173001, "rsi_1": 6.08265737745629, "sma_0": 1.2053391778915261, "sma_1": 7.143180395598135, "ema_0": 5.513335284289102, "ema_1": 7.684563897804211, "ema_2": 0.01864317716864288, "ema_3": 5.850506463506845, "cci_0": 3.599135282980238, "cci_1": 0.0011956958955952508, "cci_2": 5.880838590964086, "eom_0": 6.495371639477259, "eom_1": 9.224309296290611, "oc_gradient_0": 5.190022585199748}, "smoothing_factors": {"rsi_0": 0.9931541650544984, "rsi_1": 0.03707336813474993, "sma_0": 1.566155046837305, "sma_1": 0.388130042787308, "ema_0": 0, "ema_1": 2.3070671663534292, "ema_2": 2.3213624618161375, "ema_3": 1.0161443220537327, "cci_0": 0.9336129877300415, "cci_1": 1.454698043638067, "cci_2": 2.4226461201154903, "eom_0": 0, "eom_1": 0.8047417790979337, "oc_gradient_0": 4.474870816743894, "volume_0": 0.31825074276707294, "volatility_0": 1.3739508286758881}, "amplification_factor": {"volume_0": 0.8249983113560241, "volatility_0": 1.2836669595742074}, "flip": {"rsi_0": false, "rsi_1": false, "sma_0": false, "sma_1": false, "ema_0": false, "ema_1": false, "ema_2": false, "ema_3": false, "cci_0": false, "cci_1": false, "cci_2": false, "eom_0": false, "eom_1": false, "oc_gradient_0": false, "volume_0": false, "volatility_0": false}, "major_spline_standard_upper_thresholds": 0.4075325113888227, "major_spline_standard_lower_thresholds": -0.43655351223297867}, "indicator_properties": {"timeframes": {"rsi_0": 95, "rsi_1": 38, "sma_0_1": 18, "sma_0_2": 158, "sma_1_1": 64, "sma_1_2": 226, "ema_0_1": 91, "ema_0_2": 231, "ema_1_1": 71, "ema_1_2": 182, "ema_2_1": 15, "ema_2_2": 167, "ema_3_1": 70, "ema_3_2": 210, "cci_0": 13, "cci_1": 130, "cci_2": 103, "eom_0": 204, "eom_1": 71, "volatility_0": 237, "threshold_timeframe": 20}, "rsi_standard_upper_thresholds": {"rsi_0": 83, "rsi_1": 80}, "rsi_standard_lower_thresholds": {"rsi_0": 14, "rsi_1": 39}}, "general_settings": {"spline_interpolation_factor": 4, "threshold_setting": 2, "buffer_setting": 1, "include_triggers_in_bb_signal": {"rsi": true, "sma": false, "ema": false, "cci": false, "eom": false, "oc_gradient": false}, "rsi_buffer_setting": 0}}