{"indicators_count": {"rsi": 2, "sma": 2, "ema": 4, "lwma": 0, "cci": 3, "eom": 2, "oc_gradient": 1}, "spline_property": {"weights": {"rsi_0": 3.791319320249106, "rsi_1": 9.785007068230021, "sma_0": 6.369531453613562, "sma_1": 1.5595752472378301, "ema_0": 9.470389803870425, "ema_1": 9.463564491946155, "ema_2": 0.09091524966141185, "ema_3": 2.365985402314591, "cci_0": 9.337716619412967, "cci_1": 7.545168380621289, "cci_2": 1.214258585683442, "eom_0": 6.355727170753614, "eom_1": 1.8100547261141275, "oc_gradient_0": 5.567902851308634}, "smoothing_factors": {"rsi_0": 1.1357664446914784, "rsi_1": 1.7159062712255353, "sma_0": 1.1502420092288708, "sma_1": 1.114120985440272, "ema_0": 1.3472310946020523, "ema_1": 1.1049804137632981, "ema_2": 0.8222092253403817, "ema_3": 0.041946962284963085, "cci_0": 0.6984156236305538, "cci_1": 0.37489839776723205, "cci_2": 0.23466214034297642, "eom_0": 1.5906646472134518, "eom_1": 0, "oc_gradient_0": 1.36766325260654, "volume_0": 0.2856485616616009, "volatility_0": 0}, "amplification_factor": {"volume_0": 0.8285113723019095, "volatility_0": 2.528760040858671}, "flip": {"rsi_0": false, "rsi_1": true, "sma_0": true, "sma_1": false, "ema_0": false, "ema_1": false, "ema_2": true, "ema_3": false, "cci_0": true, "cci_1": false, "cci_2": false, "eom_0": false, "eom_1": true, "oc_gradient_0": false, "volume_0": true, "volatility_0": false}, "major_spline_standard_upper_thresholds": 0.5400639016054375, "major_spline_standard_lower_thresholds": -0.45333820010325293}, "indicator_properties": {"timeframes": {"rsi_0": 107, "rsi_1": 58, "sma_0_1": 38, "sma_0_2": 229, "sma_1_1": 80, "sma_1_2": 244, "ema_0_1": 24, "ema_0_2": 153, "ema_1_1": 67, "ema_1_2": 248, "ema_2_1": 89, "ema_2_2": 239, "ema_3_1": 65, "ema_3_2": 219, "cci_0": 68, "cci_1": 17, "cci_2": 128, "eom_0": 181, "eom_1": 168, "volatility_0": 104, "threshold_timeframe": 22}, "rsi_standard_upper_thresholds": {"rsi_0": 52, "rsi_1": 68}, "rsi_standard_lower_thresholds": {"rsi_0": 45, "rsi_1": 18}}, "general_settings": {"spline_interpolation_factor": 4, "threshold_setting": 2, "buffer_setting": 1, "include_triggers_in_bb_signal": {"rsi": true, "sma": false, "ema": false, "cci": false, "eom": false, "oc_gradient": false}, "rsi_buffer_setting": 0}}