{"indicators_count": {"rsi": 2, "sma": 2, "ema": 4, "lwma": 0, "cci": 3, "eom": 2, "oc_gradient": 1}, "spline_property": {"weights": {"rsi_0": 1.0652592225234736, "rsi_1": 9.568237147516562, "sma_0": 5.724584241242589, "sma_1": 0.8435831281920758, "ema_0": 9.270008231041803, "ema_1": 4.988187825193197, "ema_2": 3.9990363466914904, "ema_3": 9.64576704612698, "cci_0": 1.7792832847576172, "cci_1": 2.5563305827605984, "cci_2": 0.16121606747263534, "eom_0": 9.066644985395858, "eom_1": 2.005860305610052, "oc_gradient_0": 6.567441884801843}, "smoothing_factors": {"rsi_0": 1.9029112580038405, "rsi_1": 1.6813226846748388, "sma_0": 1.1512360740912362, "sma_1": 0.8974145888960767, "ema_0": 0.2541369296433722, "ema_1": 1.9481417626409159, "ema_2": 1.0243850025454506, "ema_3": 1.9554103502641604, "cci_0": 0.5847888484825576, "cci_1": 1.4397012506491966, "cci_2": 1.013559588498025, "eom_0": 0, "eom_1": 0.31546394175454495, "oc_gradient_0": 1.07719884928941, "volume_0": 1.6789822732817026, "volatility_0": 1.4518853637254048}, "amplification_factor": {"volume_0": 1.1459224446378213, "volatility_0": 1.602101763274296}, "flip": {"rsi_0": false, "rsi_1": false, "sma_0": false, "sma_1": false, "ema_0": false, "ema_1": false, "ema_2": false, "ema_3": false, "cci_0": false, "cci_1": false, "cci_2": false, "eom_0": false, "eom_1": false, "oc_gradient_0": false, "volume_0": false, "volatility_0": false}, "major_spline_standard_upper_thresholds": 0.44105011741576466, "major_spline_standard_lower_thresholds": -0.4609414745749645}, "indicator_properties": {"timeframes": {"rsi_0": 243, "rsi_1": 90, "sma_0_1": 25, "sma_0_2": 239, "sma_1_1": 32, "sma_1_2": 226, "ema_0_1": 85, "ema_0_2": 245, "ema_1_1": 6, "ema_1_2": 203, "ema_2_1": 11, "ema_2_2": 172, "ema_3_1": 79, "ema_3_2": 167, "cci_0": 114, "cci_1": 134, "cci_2": 244, "eom_0": 209, "eom_1": 144, "volatility_0": 237, "threshold_timeframe": 13}, "rsi_standard_upper_thresholds": {"rsi_0": 77, "rsi_1": 53}, "rsi_standard_lower_thresholds": {"rsi_0": 45, "rsi_1": 10}}, "general_settings": {"spline_interpolation_factor": 4, "threshold_setting": 2, "buffer_setting": 1, "include_triggers_in_bb_signal": {"rsi": true, "sma": false, "ema": false, "cci": false, "eom": false, "oc_gradient": false}, "rsi_buffer_setting": 0}}