{"indicators_count": {"rsi": 2, "sma": 2, "ema": 4, "lwma": 0, "cci": 3, "eom": 2, "oc_gradient": 1}, "spline_property": {"weights": {"rsi_0": 3.985132625123918, "rsi_1": 7.428391796338376, "sma_0": 8.537981906438528, "sma_1": 7.211022879546136, "ema_0": 5.705632680572047, "ema_1": 4.165971604289218, "ema_2": 0.6285625112892361, "ema_3": 0, "cci_0": 4.723294460118821, "cci_1": 2.0877840370033045, "cci_2": 4.97437905871584, "eom_0": 6.209853521884192, "eom_1": 2.758758838580467, "oc_gradient_0": 5.542557497458111}, "smoothing_factors": {"rsi_0": 0.9999315319446014, "rsi_1": 2.8278671968673668, "sma_0": 0.5216804121312315, "sma_1": 1.7543099227588457, "ema_0": 0, "ema_1": 1.5721366549775655, "ema_2": 1.7204052283088929, "ema_3": 2.6168886809731786, "cci_0": 1.9177376736469938, "cci_1": 0.27065825433905893, "cci_2": 0.8565021913132209, "eom_0": 1.0232313331701097, "eom_1": 0.5953422562003416, "oc_gradient_0": 2.722220576920784, "volume_0": 0.06839721516310959, "volatility_0": 0.5477603040541124}, "amplification_factor": {"volume_0": 0.3939488694064731, "volatility_0": 2.748377611662274}, "flip": {"rsi_0": false, "rsi_1": false, "sma_0": false, "sma_1": false, "ema_0": false, "ema_1": false, "ema_2": false, "ema_3": false, "cci_0": false, "cci_1": false, "cci_2": false, "eom_0": false, "eom_1": false, "oc_gradient_0": false, "volume_0": false, "volatility_0": false}, "major_spline_standard_upper_thresholds": 0.5958942739519686, "major_spline_standard_lower_thresholds": -0.44779379251853935}, "indicator_properties": {"timeframes": {"rsi_0": 172, "rsi_1": 137, "sma_0_1": 91, "sma_0_2": 207, "sma_1_1": 5, "sma_1_2": 224, "ema_0_1": 72, "ema_0_2": 217, "ema_1_1": 82, "ema_1_2": 209, "ema_2_1": 55, "ema_2_2": 155, "ema_3_1": 89, "ema_3_2": 172, "cci_0": 7, "cci_1": 71, "cci_2": 240, "eom_0": 44, "eom_1": 174, "volatility_0": 115, "threshold_timeframe": 17}, "rsi_standard_upper_thresholds": {"rsi_0": 65, "rsi_1": 70}, "rsi_standard_lower_thresholds": {"rsi_0": 24, "rsi_1": 29}}, "general_settings": {"spline_interpolation_factor": 4, "threshold_setting": 2, "buffer_setting": 1, "include_triggers_in_bb_signal": {"rsi": true, "sma": false, "ema": false, "cci": false, "eom": false, "oc_gradient": false}, "rsi_buffer_setting": 0}}