{"indicators_count": {"rsi": 2, "sma": 2, "ema": 4, "lwma": 0, "cci": 3, "eom": 2, "oc_gradient": 1}, "spline_property": {"weights": {"rsi_0": 2.1552902306556416, "rsi_1": 6.067483527633153, "sma_0": 6.815869981172513, "sma_1": 6.77395660766132, "ema_0": 1.672511442356754, "ema_1": 2.4884952479084763, "ema_2": 1.6222551871588868, "ema_3": 1.2989995153227007, "cci_0": 3.7252232256438647, "cci_1": 3.023465445601988, "cci_2": 5.539172390691366, "eom_0": 8.802570619298349, "eom_1": 2.4838661719308055, "oc_gradient_0": 5.703786326412461}, "smoothing_factors": {"rsi_0": 0.6456240447376018, "rsi_1": 0, "sma_0": 2.0496629890675084, "sma_1": 0.09559256374339642, "ema_0": 0.983043761400807, "ema_1": 0.7155189951787191, "ema_2": 2.5334760161662713, "ema_3": 2.3423162878063923, "cci_0": 0.8736165920930989, "cci_1": 2.471951588766538, "cci_2": 0.14273007307250862, "eom_0": 1.3426300712760977, "eom_1": 2.345534121477714, "oc_gradient_0": 0.0015132806621008243, "volume_0": 1.5585979697702579, "volatility_0": 0.9703230640997116}, "amplification_factor": {"volume_0": 1.1732256897221063, "volatility_0": 1.542965788469182}, "flip": {"rsi_0": false, "rsi_1": false, "sma_0": true, "sma_1": true, "ema_0": true, "ema_1": true, "ema_2": true, "ema_3": false, "cci_0": false, "cci_1": true, "cci_2": false, "eom_0": true, "eom_1": true, "oc_gradient_0": false, "volume_0": false, "volatility_0": false}, "major_spline_standard_upper_thresholds": 0.476027254991195, "major_spline_standard_lower_thresholds": -0.4067828555410516}, "indicator_properties": {"timeframes": {"rsi_0": 61, "rsi_1": 98, "sma_0_1": 19, "sma_0_2": 236, "sma_1_1": 61, "sma_1_2": 227, "ema_0_1": 2, "ema_0_2": 210, "ema_1_1": 6, "ema_1_2": 196, "ema_2_1": 38, "ema_2_2": 202, "ema_3_1": 32, "ema_3_2": 188, "cci_0": 195, "cci_1": 146, "cci_2": 227, "eom_0": 147, "eom_1": 106, "volatility_0": 9, "threshold_timeframe": 7}, "rsi_standard_upper_thresholds": {"rsi_0": 72, "rsi_1": 85}, "rsi_standard_lower_thresholds": {"rsi_0": 23, "rsi_1": 23}}, "general_settings": {"spline_interpolation_factor": 4, "threshold_setting": 2, "buffer_setting": 1, "include_triggers_in_bb_signal": {"rsi": true, "sma": false, "ema": false, "cci": false, "eom": false, "oc_gradient": false}, "rsi_buffer_setting": 0}}