{
    "indicators_count": {
        "rsi": 2,
        "sma": 2,
        "ema": 4,
        "lwma": 0,
        "cci": 3,
        "eom": 2,
        "oc_gradient": 1
    },
    "spline_property": {
        "weights": {
            "rsi_0": 9.99173522107696,
            "rsi_1": 1.1400031549417482,
            "sma_0": 7.106061774870866,
            "sma_1": 9.509933335103677,
            "ema_0": 3.3351011140915485,
            "ema_1": 6.868400954826639,
            "ema_2": 4.579892516081395,
            "ema_3": 1.4491272996997329,
            "cci_0": 7.1133298313427975,
            "cci_1": 7.3633243082972095,
            "cci_2": 6.621421937225628,
            "eom_0": 9.403568917990128,
            "eom_1": 9.466443346789381,
            "oc_gradient_0": 7.568385611700701
        },
        "smoothing_factors": {
            "rsi_0": 0.500105799479041,
            "rsi_1": 1.3548180040701254,
            "sma_0": 0.9414514445848157,
            "sma_1": 1.3370124207636347,
            "ema_0": 0.10313883946406227,
            "ema_1": 1.1257323492346616,
            "ema_2": 1.525208456332064,
            "ema_3": 1.5714571605165817,
            "cci_0": 0.5223914941709529,
            "cci_1": 0,
            "cci_2": 0.04559975562404894,
            "eom_0": 0.959415816522663,
            "eom_1": 1.2124064684246545,
            "oc_gradient_0": 0.7710328018647237,
            "volume_0": 1.1574517650730742,
            "volatility_0": 0.11404884530521153
        },
        "amplification_factor": {
            "volume_0": 2.6909576091111638,
            "volatility_0": 2.9879702073158017
        },
        "flip": {
            "rsi_0": true,
            "rsi_1": true,
            "sma_0": false,
            "sma_1": true,
            "ema_0": false,
            "ema_1": false,
            "ema_2": false,
            "ema_3": true,
            "cci_0": false,
            "cci_1": false,
            "cci_2": true,
            "eom_0": false,
            "eom_1": false,
            "oc_gradient_0": false,
            "volume_0": false,
            "volatility_0": false
        },
        "major_spline_standard_upper_thresholds": 0.41394290917927223,
        "major_spline_standard_lower_thresholds": -0.30028843845015374
    },
    "indicator_properties": {
        "timeframes": {
            "rsi_0": 135,
            "rsi_1": 7,
            "sma_0_1": 82,
            "sma_0_2": 165,
            "sma_1_1": 37,
            "sma_1_2": 233,
            "ema_0_1": 69,
            "ema_0_2": 253,
            "ema_1_1": 30,
            "ema_1_2": 158,
            "ema_2_1": 33,
            "ema_2_2": 159,
            "ema_3_1": 52,
            "ema_3_2": 155,
            "cci_0": 21,
            "cci_1": 29,
            "cci_2": 70,
            "eom_0": 218,
            "eom_1": 216,
            "volatility_0": 122,
            "threshold_timeframe": 16
        },
        "rsi_standard_upper_thresholds": {
            "rsi_0": 60,
            "rsi_1": 55
        },
        "rsi_standard_lower_thresholds": {
            "rsi_0": 30,
            "rsi_1": 49
        }
    },
    "general_settings": {
        "spline_interpolation_factor": 4,
        "threshold_setting": 2,
        "buffer_setting": 1,
        "include_triggers_in_bb_signal": {
            "rsi": true,
            "sma": false,
            "ema": false,
            "cci": false,
            "eom": false,
            "oc_gradient": false
        },
        "rsi_buffer_setting": 0
    }
}