{"indicators_count": {"rsi": 2, "sma": 2, "ema": 4, "lwma": 0, "cci": 3, "eom": 2, "oc_gradient": 1}, "spline_property": {"weights": {"rsi_0": 8.960263400088833, "rsi_1": 7.35261454141542, "sma_0": 2.2010071802254325, "sma_1": 4.205401779389741, "ema_0": 0.6676055758825394, "ema_1": 2.0190377941678954, "ema_2": 8.21327071816941, "ema_3": 0.021377807338829047, "cci_0": 3.553546044848036, "cci_1": 6.041813273524781, "cci_2": 1.411139731596967, "eom_0": 5.121324388553115, "eom_1": 8.203916387405055, "oc_gradient_0": 2.483695179067636}, "smoothing_factors": {"rsi_0": 0.5661496852008137, "rsi_1": 0.2661263813780285, "sma_0": 0, "sma_1": 0.8935117859714444, "ema_0": 0.6299028483226612, "ema_1": 1.3868188231234226, "ema_2": 0.6809460111447513, "ema_3": 2.570998799912113, "cci_0": 0.15084198454880693, "cci_1": 1.7416307782712943, "cci_2": 0, "eom_0": 0.4225333559860359, "eom_1": 1.2402728149802114, "oc_gradient_0": 3.216883948554231, "volume_0": 1.5213337367096877, "volatility_0": 0.6982527275818682}, "amplification_factor": {"volume_0": 0.20674488632276955, "volatility_0": 0.2984195009588052}, "flip": {"rsi_0": false, "rsi_1": false, "sma_0": false, "sma_1": false, "ema_0": false, "ema_1": false, "ema_2": false, "ema_3": false, "cci_0": false, "cci_1": false, "cci_2": false, "eom_0": false, "eom_1": false, "oc_gradient_0": false, "volume_0": false, "volatility_0": false}, "major_spline_standard_upper_thresholds": 0.4792638214075175, "major_spline_standard_lower_thresholds": -0.5190352909709834}, "indicator_properties": {"timeframes": {"rsi_0": 138, "rsi_1": 243, "sma_0_1": 50, "sma_0_2": 219, "sma_1_1": 12, "sma_1_2": 222, "ema_0_1": 42, "ema_0_2": 226, "ema_1_1": 37, "ema_1_2": 195, "ema_2_1": 10, "ema_2_2": 208, "ema_3_1": 21, "ema_3_2": 205, "cci_0": 16, "cci_1": 77, "cci_2": 40, "eom_0": 66, "eom_1": 17, "volatility_0": 134, "threshold_timeframe": 43}, "rsi_standard_upper_thresholds": {"rsi_0": 84, "rsi_1": 63}, "rsi_standard_lower_thresholds": {"rsi_0": 44, "rsi_1": 24}}, "general_settings": {"spline_interpolation_factor": 4, "threshold_setting": 2, "buffer_setting": 1, "include_triggers_in_bb_signal": {"rsi": true, "sma": false, "ema": false, "cci": false, "eom": false, "oc_gradient": false}, "rsi_buffer_setting": 0}}