{
    "indicators_count": {
        "rsi": 2,
        "sma": 2,
        "ema": 4,
        "lwma": 0,
        "cci": 3,
        "eom": 2,
        "oc_gradient": 1
    },
    "spline_property": {
        "weights": {
            "rsi_0": 3.5820085998800186,
            "rsi_1": 2.3258486167659917,
            "sma_0": 8.556459424418883,
            "sma_1": 3.305349175672335,
            "ema_0": 5.2124113854636045,
            "ema_1": 1.1076656724571687,
            "ema_2": 2.6221065459911888,
            "ema_3": 2.935754192349236,
            "cci_0": 1.2813963653852223,
            "cci_1": 1.973933033681169,
            "cci_2": 6.164299014311024,
            "eom_0": 0.7828530814480239,
            "eom_1": 3.376987920131558,
            "oc_gradient_0": 4.149040883588333
        },
        "smoothing_factors": {
            "rsi_0": 0,
            "rsi_1": 0,
            "sma_0": 0.3932778397130743,
            "sma_1": 1.8941465550684349,
            "ema_0": 1.3586326785798373,
            "ema_1": 1.0794418970983033,
            "ema_2": 1.6923987389201909,
            "ema_3": 1.5588052746143404,
            "cci_0": 0.4129775343939471,
            "cci_1": 0.9196648128891115,
            "cci_2": 0,
            "eom_0": 1.233672250877715,
            "eom_1": 2.065929989203499,
            "oc_gradient_0": 1.616558423421623,
            "volume_0": 1.6771278623123556,
            "volatility_0": 0.2411431179811121
        },
        "amplification_factor": {
            "volume_0": 0.8474891915739351,
            "volatility_0": 2.723289872921108
        },
        "flip": {
            "rsi_0": false,
            "rsi_1": true,
            "sma_0": true,
            "sma_1": false,
            "ema_0": false,
            "ema_1": true,
            "ema_2": false,
            "ema_3": false,
            "cci_0": false,
            "cci_1": false,
            "cci_2": false,
            "eom_0": false,
            "eom_1": true,
            "oc_gradient_0": true,
            "volume_0": false,
            "volatility_0": false
        },
        "major_spline_standard_upper_thresholds": 0.4530131380014384,
        "major_spline_standard_lower_thresholds": -0.37758021403618586
    },
    "indicator_properties": {
        "timeframes": {
            "rsi_0": 25,
            "rsi_1": 220,
            "sma_0_1": 100,
            "sma_0_2": 201,
            "sma_1_1": 84,
            "sma_1_2": 239,
            "ema_0_1": 57,
            "ema_0_2": 185,
            "ema_1_1": 43,
            "ema_1_2": 219,
            "ema_2_1": 61,
            "ema_2_2": 217,
            "ema_3_1": 49,
            "ema_3_2": 221,
            "cci_0": 237,
            "cci_1": 43,
            "cci_2": 115,
            "eom_0": 67,
            "eom_1": 21,
            "volatility_0": 194,
            "threshold_timeframe": 23
        },
        "rsi_standard_upper_thresholds": {
            "rsi_0": 80,
            "rsi_1": 69
        },
        "rsi_standard_lower_thresholds": {
            "rsi_0": 22,
            "rsi_1": 29
        }
    },
    "general_settings": {
        "spline_interpolation_factor": 4,
        "threshold_setting": 2,
        "buffer_setting": 1,
        "include_triggers_in_bb_signal": {
            "rsi": true,
            "sma": false,
            "ema": false,
            "cci": false,
            "eom": false,
            "oc_gradient": false
        },
        "rsi_buffer_setting": 0
    }
}