{"indicators_count": {"rsi": 2, "sma": 2, "ema": 4, "lwma": 0, "cci": 3, "eom": 2, "oc_gradient": 1}, "spline_property": {"weights": {"rsi_0": 0, "rsi_1": 2.81606859985741, "sma_0": 3.8539508507233267, "sma_1": 5.960191688730617, "ema_0": 9.724595481091894, "ema_1": 6.191132419762213, "ema_2": 9.023067145994414, "ema_3": 1.4763293319282156, "cci_0": 3.077177070491757, "cci_1": 6.174908717553568, "cci_2": 4.927844777545448, "eom_0": 2.239446285709498, "eom_1": 7.717943336530295, "oc_gradient_0": 6.622691958471586}, "smoothing_factors": {"rsi_0": 0, "rsi_1": 2.787653801646899, "sma_0": 1.9211848733344155, "sma_1": 1.2818957278554726, "ema_0": 0.4804711964749566, "ema_1": 0.03866886967279154, "ema_2": 0, "ema_3": 1.10991196852838, "cci_0": 0.9973128499828217, "cci_1": 0, "cci_2": 0.35751832077679047, "eom_0": 1.8797496505326043, "eom_1": 2.4450983454391393, "oc_gradient_0": 0, "volume_0": 1.597069694903972, "volatility_0": 0.4073850157945078}, "amplification_factor": {"volume_0": 2.1323744167526515, "volatility_0": 2.593290976511093}, "flip": {"rsi_0": false, "rsi_1": false, "sma_0": false, "sma_1": false, "ema_0": false, "ema_1": false, "ema_2": false, "ema_3": false, "cci_0": false, "cci_1": false, "cci_2": false, "eom_0": false, "eom_1": false, "oc_gradient_0": false, "volume_0": false, "volatility_0": false}, "major_spline_standard_upper_thresholds": 0.5385802049404043, "major_spline_standard_lower_thresholds": -0.5732712970577849}, "indicator_properties": {"timeframes": {"rsi_0": 168, "rsi_1": 162, "sma_0_1": 87, "sma_0_2": 241, "sma_1_1": 33, "sma_1_2": 219, "ema_0_1": 93, "ema_0_2": 183, "ema_1_1": 15, "ema_1_2": 232, "ema_2_1": 28, "ema_2_2": 249, "ema_3_1": 85, "ema_3_2": 194, "cci_0": 195, "cci_1": 166, "cci_2": 200, "eom_0": 79, "eom_1": 241, "volatility_0": 219, "threshold_timeframe": 17}, "rsi_standard_upper_thresholds": {"rsi_0": 59, "rsi_1": 56}, "rsi_standard_lower_thresholds": {"rsi_0": 12, "rsi_1": 13}}, "general_settings": {"spline_interpolation_factor": 4, "threshold_setting": 2, "buffer_setting": 1, "include_triggers_in_bb_signal": {"rsi": true, "sma": false, "ema": false, "cci": false, "eom": false, "oc_gradient": false}, "rsi_buffer_setting": 0}}