{"indicators_count": {"rsi": 2, "sma": 2, "ema": 4, "lwma": 0, "cci": 3, "eom": 2, "oc_gradient": 1}, "spline_property": {"weights": {"rsi_0": 7.431662937713739, "rsi_1": 9.02719808828539, "sma_0": 7.418102438276596, "sma_1": 5.424223310224069, "ema_0": 1.3157874117893404, "ema_1": 3.574738675128918, "ema_2": 1.5478076904786782, "ema_3": 4.487950272934133, "cci_0": 3.032263762837963, "cci_1": 3.1867315080561642, "cci_2": 1.4904412978087498, "eom_0": 8.565546031188477, "eom_1": 8.236544048646385, "oc_gradient_0": 1.886307817714079}, "smoothing_factors": {"rsi_0": 2.0099545229981155, "rsi_1": 0.7587865365146651, "sma_0": 1.6990022995587435, "sma_1": 1.9880993053903961, "ema_0": 0.5356620709899558, "ema_1": 0.8321032777687549, "ema_2": 0.1052788466405129, "ema_3": 0, "cci_0": 0, "cci_1": 0.7965400583053922, "cci_2": 0, "eom_0": 1.50734514176849, "eom_1": 0.9550900763077688, "oc_gradient_0": 1.4957586414154922, "volume_0": 1.1560311759614694, "volatility_0": 0}, "amplification_factor": {"volume_0": 1.3444629790613225, "volatility_0": 2.7303725748736567}, "flip": {"rsi_0": false, "rsi_1": false, "sma_0": false, "sma_1": false, "ema_0": false, "ema_1": false, "ema_2": false, "ema_3": false, "cci_0": false, "cci_1": false, "cci_2": false, "eom_0": false, "eom_1": false, "oc_gradient_0": false, "volume_0": false, "volatility_0": false}, "major_spline_standard_upper_thresholds": 0.4309791208294051, "major_spline_standard_lower_thresholds": -0.5602543062040218}, "indicator_properties": {"timeframes": {"rsi_0": 135, "rsi_1": 88, "sma_0_1": 6, "sma_0_2": 233, "sma_1_1": 97, "sma_1_2": 245, "ema_0_1": 21, "ema_0_2": 216, "ema_1_1": 40, "ema_1_2": 225, "ema_2_1": 66, "ema_2_2": 213, "ema_3_1": 72, "ema_3_2": 163, "cci_0": 151, "cci_1": 218, "cci_2": 205, "eom_0": 135, "eom_1": 9, "volatility_0": 228, "threshold_timeframe": 22}, "rsi_standard_upper_thresholds": {"rsi_0": 70, "rsi_1": 76}, "rsi_standard_lower_thresholds": {"rsi_0": 34, "rsi_1": 48}}, "general_settings": {"spline_interpolation_factor": 4, "threshold_setting": 2, "buffer_setting": 1, "include_triggers_in_bb_signal": {"rsi": true, "sma": false, "ema": false, "cci": false, "eom": false, "oc_gradient": false}, "rsi_buffer_setting": 0}}