{
    "indicators_count": {
        "rsi": 2,
        "sma": 2,
        "ema": 4,
        "lwma": 0,
        "cci": 3,
        "eom": 2,
        "oc_gradient": 1
    },
    "spline_property": {
        "weights": {
            "rsi_0": 9.128218736484287,
            "rsi_1": 2.1938708071308834,
            "sma_0": 8.347685791041048,
            "sma_1": 1.2488986496412957,
            "ema_0": 7.049194304527841,
            "ema_1": 6.707251257802787,
            "ema_2": 5.533849605748892,
            "ema_3": 9.43278760652952,
            "cci_0": 8.040798830514037,
            "cci_1": 4.612827548394169,
            "cci_2": 3.834629426314141,
            "eom_0": 8.483445386453228,
            "eom_1": 8.299202125709726,
            "oc_gradient_0": 3.6321162932855797
        },
        "smoothing_factors": {
            "rsi_0": 1.6796808530437888,
            "rsi_1": 1.6960828268554424,
            "sma_0": 0.6809540528878009,
            "sma_1": 1.2062753144714375,
            "ema_0": 2.555714751771082,
            "ema_1": 1.19456419566222,
            "ema_2": 1.648741005780795,
            "ema_3": 0.9124117307651579,
            "cci_0": 0.8329141337178535,
            "cci_1": 0,
            "cci_2": 0.5950969880827497,
            "eom_0": 0.419023549468591,
            "eom_1": 0.3504834912812751,
            "oc_gradient_0": 0.9751219087342542,
            "volume_0": 0,
            "volatility_0": 0.6717253420473499
        },
        "amplification_factor": {
            "volume_0": 2.244447776180529,
            "volatility_0": 2.8788650021984
        },
        "flip": {
            "rsi_0": true,
            "rsi_1": false,
            "sma_0": true,
            "sma_1": false,
            "ema_0": false,
            "ema_1": true,
            "ema_2": false,
            "ema_3": true,
            "cci_0": true,
            "cci_1": false,
            "cci_2": true,
            "eom_0": true,
            "eom_1": false,
            "oc_gradient_0": true,
            "volume_0": true,
            "volatility_0": true
        },
        "major_spline_standard_upper_thresholds": 0.5218499246596934,
        "major_spline_standard_lower_thresholds": -0.5923795554029876
    },
    "indicator_properties": {
        "timeframes": {
            "rsi_0": 51,
            "rsi_1": 212,
            "sma_0_1": 49,
            "sma_0_2": 215,
            "sma_1_1": 95,
            "sma_1_2": 232,
            "ema_0_1": 12,
            "ema_0_2": 200,
            "ema_1_1": 22,
            "ema_1_2": 228,
            "ema_2_1": 81,
            "ema_2_2": 212,
            "ema_3_1": 86,
            "ema_3_2": 180,
            "cci_0": 154,
            "cci_1": 16,
            "cci_2": 227,
            "eom_0": 251,
            "eom_1": 90,
            "volatility_0": 208,
            "threshold_timeframe": 16
        },
        "rsi_standard_upper_thresholds": {
            "rsi_0": 55,
            "rsi_1": 64
        },
        "rsi_standard_lower_thresholds": {
            "rsi_0": 10,
            "rsi_1": 49
        }
    },
    "general_settings": {
        "spline_interpolation_factor": 4,
        "threshold_setting": 2,
        "buffer_setting": 1,
        "include_triggers_in_bb_signal": {
            "rsi": true,
            "sma": false,
            "ema": false,
            "cci": false,
            "eom": false,
            "oc_gradient": false
        },
        "rsi_buffer_setting": 0
    }
}