{"indicators_count": {"rsi": 2, "sma": 2, "ema": 4, "lwma": 0, "cci": 3, "eom": 2, "oc_gradient": 1}, "spline_property": {"weights": {"rsi_0": 8.543378901597862, "rsi_1": 13.461491100178353, "sma_0": 0.3172783022628076, "sma_1": 7.972308942686287, "ema_0": 0.6818489190656228, "ema_1": 2.21113674147167, "ema_2": 0.24272160150416647, "ema_3": 3.126055054081029, "cci_0": 9.332120033918965, "cci_1": 6.8464287707791, "cci_2": 0.26012477311145216, "eom_0": 2.38258418181127, "eom_1": 6.871775948059846, "oc_gradient_0": 0.7416188912632831}, "smoothing_factors": {"rsi_0": 1.2782794206838721, "rsi_1": 2.2074464232550444, "sma_0": 3.229610528784976, "sma_1": 0, "ema_0": 0, "ema_1": 0.8862587021109297, "ema_2": 0.8561454259863766, "ema_3": 1.2039329415268445, "cci_0": 1.5621037532017086, "cci_1": 0, "cci_2": 0.005350000638847274, "eom_0": 0.8837106377933726, "eom_1": 2.581861266576306, "oc_gradient_0": 1.8779795120727134, "volume_0": 2.814471708069763, "volatility_0": 2.067964817896318}, "amplification_factor": {"volume_0": 2.6077578882971837, "volatility_0": 0.4562782889814154}, "flip": {"rsi_0": false, "rsi_1": false, "sma_0": false, "sma_1": false, "ema_0": false, "ema_1": false, "ema_2": false, "ema_3": false, "cci_0": false, "cci_1": false, "cci_2": false, "eom_0": false, "eom_1": false, "oc_gradient_0": false, "volume_0": false, "volatility_0": false}, "major_spline_standard_upper_thresholds": 0.4858353246116994, "major_spline_standard_lower_thresholds": -0.5904105649262167}, "indicator_properties": {"timeframes": {"rsi_0": 114, "rsi_1": 82, "sma_0_1": 82, "sma_0_2": 254, "sma_1_1": 59, "sma_1_2": 217, "ema_0_1": 26, "ema_0_2": 181, "ema_1_1": 59, "ema_1_2": 303, "ema_2_1": 56, "ema_2_2": 159, "ema_3_1": 95, "ema_3_2": 192, "cci_0": 98, "cci_1": 117, "cci_2": 128, "eom_0": 114, "eom_1": 48, "volatility_0": 123, "threshold_timeframe": 19}, "rsi_standard_upper_thresholds": {"rsi_0": 60, "rsi_1": 81}, "rsi_standard_lower_thresholds": {"rsi_0": 31, "rsi_1": 40}}, "general_settings": {"spline_interpolation_factor": 4, "threshold_setting": 2, "buffer_setting": 1, "include_triggers_in_bb_signal": {"rsi": true, "sma": false, "ema": false, "cci": false, "eom": false, "oc_gradient": false}, "rsi_buffer_setting": 0}}