{"indicators_count": {"rsi": 2, "sma": 2, "ema": 4, "lwma": 0, "cci": 3, "eom": 2, "oc_gradient": 1}, "spline_property": {"weights": {"rsi_0": 10.436367169856481, "rsi_1": 4.150966904552545, "sma_0": 9.395758931418216, "sma_1": 6.958885660127257, "ema_0": 6.643156331602931, "ema_1": 8.047499406372683, "ema_2": 6.4112492584105105, "ema_3": 7.241437248089359, "cci_0": 7.626676762763242, "cci_1": 6.396996235010298, "cci_2": 7.113824996695974, "eom_0": 9.23430832796254, "eom_1": 3.2374510710263333, "oc_gradient_0": 0.578421801818015}, "smoothing_factors": {"rsi_0": 0, "rsi_1": 0.5613069704247661, "sma_0": 0, "sma_1": 0.44425446132885216, "ema_0": 0.02104962806640831, "ema_1": 0.5940054238172862, "ema_2": 0, "ema_3": 0, "cci_0": 0.8126343563856058, "cci_1": 0.03387631823965165, "cci_2": 0.9938812717962415, "eom_0": 1.0747217478291293, "eom_1": 0.7738000253476689, "oc_gradient_0": 0.7532472474978824, "volume_0": 1.0691189417195028, "volatility_0": 0.5392231226657753}, "amplification_factor": {"volume_0": 0.6599265059380027, "volatility_0": 2.574108901792238}, "flip": {"rsi_0": false, "rsi_1": false, "sma_0": false, "sma_1": false, "ema_0": false, "ema_1": false, "ema_2": false, "ema_3": false, "cci_0": false, "cci_1": false, "cci_2": false, "eom_0": false, "eom_1": false, "oc_gradient_0": false, "volume_0": false, "volatility_0": false}, "major_spline_standard_upper_thresholds": 0.49857934547464944, "major_spline_standard_lower_thresholds": -0.5813724290948646}, "indicator_properties": {"timeframes": {"rsi_0": 57, "rsi_1": 168, "sma_0_1": 68, "sma_0_2": 177, "sma_1_1": 44, "sma_1_2": 220, "ema_0_1": 16, "ema_0_2": 175, "ema_1_1": 34, "ema_1_2": 205, "ema_2_1": 67, "ema_2_2": 180, "ema_3_1": 27, "ema_3_2": 210, "cci_0": 206, "cci_1": 209, "cci_2": 10, "eom_0": 34, "eom_1": 102, "volatility_0": 35, "threshold_timeframe": 19}, "rsi_standard_upper_thresholds": {"rsi_0": 63, "rsi_1": 79}, "rsi_standard_lower_thresholds": {"rsi_0": 15, "rsi_1": 33}}, "general_settings": {"spline_interpolation_factor": 4, "threshold_setting": 2, "buffer_setting": 1, "include_triggers_in_bb_signal": {"rsi": true, "sma": false, "ema": false, "cci": false, "eom": false, "oc_gradient": false}, "rsi_buffer_setting": 0}}