{"indicators_count": {"rsi": 2, "sma": 2, "ema": 4, "lwma": 0, "cci": 3, "eom": 2, "oc_gradient": 1}, "spline_property": {"weights": {"rsi_0": 5.167723166071387, "rsi_1": 0.12298347451453874, "sma_0": 10.737826536417863, "sma_1": 0, "ema_0": 0.4310028642849143, "ema_1": 2.0014436684158805, "ema_2": 0.22884520755149385, "ema_3": 5.020682896670872, "cci_0": 9.820229759105967, "cci_1": 1.246477460639766, "cci_2": 1.6941188938904, "eom_0": 11.98744309300713, "eom_1": 5.356807854434803, "oc_gradient_0": 4.245406489052667}, "smoothing_factors": {"rsi_0": 1.2170462827198603, "rsi_1": 0.5516573128063262, "sma_0": 0.372884446513884, "sma_1": 1.9009814559676532, "ema_0": 3.4509137190171235, "ema_1": 2.0663501290263486, "ema_2": 0.4796658706993524, "ema_3": 0, "cci_0": 0.07056521394769666, "cci_1": 1.3400773202321767, "cci_2": 2.277066561951162, "eom_0": 0, "eom_1": 2.6344437230944715, "oc_gradient_0": 3.8983470280009676, "volume_0": 0, "volatility_0": 0.15667286555370497}, "amplification_factor": {"volume_0": 2.6003157690265457, "volatility_0": 1.0113582064330355}, "flip": {"rsi_0": true, "rsi_1": true, "sma_0": false, "sma_1": false, "ema_0": true, "ema_1": true, "ema_2": false, "ema_3": true, "cci_0": false, "cci_1": false, "cci_2": true, "eom_0": true, "eom_1": false, "oc_gradient_0": true, "volume_0": true, "volatility_0": true}, "major_spline_standard_upper_thresholds": 0.43874218405690424, "major_spline_standard_lower_thresholds": -0.5821915701384033}, "indicator_properties": {"timeframes": {"rsi_0": 15, "rsi_1": 2, "sma_0_1": 75, "sma_0_2": 230, "sma_1_1": 63, "sma_1_2": 197, "ema_0_1": 11, "ema_0_2": 185, "ema_1_1": 102, "ema_1_2": 114, "ema_2_1": 31, "ema_2_2": 239, "ema_3_1": 20, "ema_3_2": 181, "cci_0": 256, "cci_1": 11, "cci_2": 127, "eom_0": 29, "eom_1": 89, "volatility_0": 186, "threshold_timeframe": 2}, "rsi_standard_upper_thresholds": {"rsi_0": 89, "rsi_1": 61}, "rsi_standard_lower_thresholds": {"rsi_0": 35, "rsi_1": 43}}, "general_settings": {"spline_interpolation_factor": 4, "threshold_setting": 2, "buffer_setting": 1, "include_triggers_in_bb_signal": {"rsi": true, "sma": false, "ema": false, "cci": false, "eom": false, "oc_gradient": false}, "rsi_buffer_setting": 0}}