{"indicators_count": {"rsi": 2, "sma": 2, "ema": 4, "lwma": 0, "cci": 3, "eom": 2, "oc_gradient": 1}, "spline_property": {"weights": {"rsi_0": 8.171669182648076, "rsi_1": 8.1126108677818, "sma_0": 2.233059340150289, "sma_1": 7.3185628890899475, "ema_0": 7.508303055614567, "ema_1": 1.0671383976971478, "ema_2": 0.23050233397009237, "ema_3": 6.088099603084533, "cci_0": 1.8201750290407261, "cci_1": 2.0408724706359775, "cci_2": 1.7033385029305013, "eom_0": 7.398275283331132, "eom_1": 9.817378370286827, "oc_gradient_0": 2.4975518908946226}, "smoothing_factors": {"rsi_0": 0.7844144619324517, "rsi_1": 1.30306212507667, "sma_0": 2.3529898245854963, "sma_1": 1.9549798886350582, "ema_0": 2.239534114192324, "ema_1": 1.0647203544113633, "ema_2": 0.9846245933555144, "ema_3": 1.2227045828195895, "cci_0": 3.0109657291577134, "cci_1": 1.0130884713543975, "cci_2": 0.9307593514018213, "eom_0": 0.6770585865169461, "eom_1": 1.0817292834929688, "oc_gradient_0": 1.8945357742762026, "volume_0": 1.6008788763181439, "volatility_0": 2.0670952785968066}, "amplification_factor": {"volume_0": 0.30744031796504134, "volatility_0": 0.7077378974627846}, "flip": {"rsi_0": false, "rsi_1": false, "sma_0": false, "sma_1": false, "ema_0": false, "ema_1": false, "ema_2": false, "ema_3": false, "cci_0": false, "cci_1": false, "cci_2": false, "eom_0": false, "eom_1": false, "oc_gradient_0": false, "volume_0": false, "volatility_0": false}, "major_spline_standard_upper_thresholds": 0.30975618212833356, "major_spline_standard_lower_thresholds": -0.35175492456631424}, "indicator_properties": {"timeframes": {"rsi_0": 188, "rsi_1": 51, "sma_0_1": 6, "sma_0_2": 221, "sma_1_1": 18, "sma_1_2": 218, "ema_0_1": 51, "ema_0_2": 244, "ema_1_1": 71, "ema_1_2": 228, "ema_2_1": 4, "ema_2_2": 188, "ema_3_1": 51, "ema_3_2": 195, "cci_0": 178, "cci_1": 158, "cci_2": 104, "eom_0": 170, "eom_1": 192, "volatility_0": 40, "threshold_timeframe": 21}, "rsi_standard_upper_thresholds": {"rsi_0": 53, "rsi_1": 69}, "rsi_standard_lower_thresholds": {"rsi_0": 48, "rsi_1": 47}}, "general_settings": {"spline_interpolation_factor": 4, "threshold_setting": 2, "buffer_setting": 1, "include_triggers_in_bb_signal": {"rsi": true, "sma": false, "ema": false, "cci": false, "eom": false, "oc_gradient": false}, "rsi_buffer_setting": 0}}