{"indicators_count": {"rsi": 2, "sma": 2, "ema": 4, "lwma": 0, "cci": 3, "eom": 2, "oc_gradient": 1}, "spline_property": {"weights": {"rsi_0": 8.065817549158778, "rsi_1": 4.688692149348532, "sma_0": 7.563736535661931, "sma_1": 8.422030079099281, "ema_0": 5.069791781401324, "ema_1": 1.9367925420400682, "ema_2": 5.8284320538844625, "ema_3": 0.14104713162292806, "cci_0": 9.230712210827853, "cci_1": 8.952243956511378, "cci_2": 0.49816571380746233, "eom_0": 9.838059207944822, "eom_1": 1.9353521812824308, "oc_gradient_0": 7.666316796236801}, "smoothing_factors": {"rsi_0": 1.5850508499525804, "rsi_1": 0.32016724460915996, "sma_0": 0.9663799216050875, "sma_1": 1.7218603286044478, "ema_0": 0.3677911932103225, "ema_1": 0.9971321626373021, "ema_2": 2.0306056408852644, "ema_3": 0.3574866545368033, "cci_0": 2.378908152423168, "cci_1": 1.2869034948513638, "cci_2": 0.7665416650695377, "eom_0": 0.8879715628481917, "eom_1": 0.7932138623593434, "oc_gradient_0": 3.1987552343626655, "volume_0": 0, "volatility_0": 0.2081111593341719}, "amplification_factor": {"volume_0": 1.4560185773231566, "volatility_0": 1.0974006436322659}, "flip": {"rsi_0": false, "rsi_1": false, "sma_0": false, "sma_1": false, "ema_0": false, "ema_1": false, "ema_2": false, "ema_3": false, "cci_0": false, "cci_1": false, "cci_2": false, "eom_0": false, "eom_1": false, "oc_gradient_0": false, "volume_0": false, "volatility_0": false}, "major_spline_standard_upper_thresholds": 0.3991491794311123, "major_spline_standard_lower_thresholds": -0.46435612680630634}, "indicator_properties": {"timeframes": {"rsi_0": 85, "rsi_1": 141, "sma_0_1": 15, "sma_0_2": 240, "sma_1_1": 28, "sma_1_2": 220, "ema_0_1": 91, "ema_0_2": 223, "ema_1_1": 10, "ema_1_2": 205, "ema_2_1": 72, "ema_2_2": 171, "ema_3_1": 60, "ema_3_2": 187, "cci_0": 233, "cci_1": 88, "cci_2": 182, "eom_0": 177, "eom_1": 9, "volatility_0": 17, "threshold_timeframe": 22}, "rsi_standard_upper_thresholds": {"rsi_0": 71, "rsi_1": 74}, "rsi_standard_lower_thresholds": {"rsi_0": 35, "rsi_1": 27}}, "general_settings": {"spline_interpolation_factor": 4, "threshold_setting": 2, "buffer_setting": 1, "include_triggers_in_bb_signal": {"rsi": true, "sma": false, "ema": false, "cci": false, "eom": false, "oc_gradient": false}, "rsi_buffer_setting": 0}}