{
    "indicators_count": {
        "rsi": 2,
        "sma": 2,
        "ema": 4,
        "lwma": 0,
        "cci": 3,
        "eom": 2,
        "oc_gradient": 1
    },
    "spline_property": {
        "weights": {
            "rsi_0": 7.373222680031683,
            "rsi_1": 1.3689172934371252,
            "sma_0": 9.877064226035104,
            "sma_1": 9.74913318550779,
            "ema_0": 7.522096709440181,
            "ema_1": 0.7198188079095669,
            "ema_2": 3.9495698081796435,
            "ema_3": 7.570325365449561,
            "cci_0": 9.212811133754027,
            "cci_1": 8.999853726567173,
            "cci_2": 3.957595767577736,
            "eom_0": 5.845204269676476,
            "eom_1": 7.100389455858389,
            "oc_gradient_0": 6.817700864864521
        },
        "smoothing_factors": {
            "rsi_0": 1.9779796540395747,
            "rsi_1": 0.24215458467060094,
            "sma_0": 1.6349387271308298,
            "sma_1": 0,
            "ema_0": 1.7048085535179425,
            "ema_1": 0.6617537103935738,
            "ema_2": 2.518422820037928,
            "ema_3": 0.06920056254424733,
            "cci_0": 0.9103858198430381,
            "cci_1": 0,
            "cci_2": 2.09927921436782,
            "eom_0": 0.46182593707011643,
            "eom_1": 1.8260651232098142,
            "oc_gradient_0": 0.23561868163833233,
            "volume_0": 0.8185750043429475,
            "volatility_0": 2.2441885660574474
        },
        "amplification_factor": {
            "volume_0": 2.5687133038627263,
            "volatility_0": 2.102234220893842
        },
        "flip": {
            "rsi_0": true,
            "rsi_1": true,
            "sma_0": false,
            "sma_1": true,
            "ema_0": true,
            "ema_1": true,
            "ema_2": true,
            "ema_3": true,
            "cci_0": false,
            "cci_1": true,
            "cci_2": false,
            "eom_0": false,
            "eom_1": false,
            "oc_gradient_0": true,
            "volume_0": true,
            "volatility_0": true
        },
        "major_spline_standard_upper_thresholds": 0.5567694007131757,
        "major_spline_standard_lower_thresholds": -0.35538415096073744
    },
    "indicator_properties": {
        "timeframes": {
            "rsi_0": 68,
            "rsi_1": 191,
            "sma_0_1": 64,
            "sma_0_2": 158,
            "sma_1_1": 21,
            "sma_1_2": 234,
            "ema_0_1": 12,
            "ema_0_2": 195,
            "ema_1_1": 56,
            "ema_1_2": 200,
            "ema_2_1": 44,
            "ema_2_2": 176,
            "ema_3_1": 85,
            "ema_3_2": 162,
            "cci_0": 206,
            "cci_1": 14,
            "cci_2": 153,
            "eom_0": 120,
            "eom_1": 186,
            "volatility_0": 213,
            "threshold_timeframe": 20
        },
        "rsi_standard_upper_thresholds": {
            "rsi_0": 56,
            "rsi_1": 60
        },
        "rsi_standard_lower_thresholds": {
            "rsi_0": 44,
            "rsi_1": 42
        }
    },
    "general_settings": {
        "spline_interpolation_factor": 4,
        "threshold_setting": 2,
        "buffer_setting": 1,
        "include_triggers_in_bb_signal": {
            "rsi": true,
            "sma": false,
            "ema": false,
            "cci": false,
            "eom": false,
            "oc_gradient": false
        },
        "rsi_buffer_setting": 0
    }
}