{"indicators_count": {"rsi": 2, "sma": 2, "ema": 4, "lwma": 0, "cci": 3, "eom": 2, "oc_gradient": 1}, "spline_property": {"weights": {"rsi_0": 6.648261371890013, "rsi_1": 1.1777114329768874, "sma_0": 3.313027263863662, "sma_1": 1.5464792054327678, "ema_0": 8.394331054330154, "ema_1": 1.7138099311292896, "ema_2": 4.662066168127124, "ema_3": 1.1462693446027932, "cci_0": 2.495914508629199, "cci_1": 2.981453924998218, "cci_2": 6.4553945176057175, "eom_0": 2.22986117661521, "eom_1": 0.4244525935325977, "oc_gradient_0": 9.422703696415685}, "smoothing_factors": {"rsi_0": 0.6183425360361285, "rsi_1": 0.7389776909660803, "sma_0": 1.7121833627529985, "sma_1": 1.9703507844347619, "ema_0": 0.7613686209875276, "ema_1": 0.7810142342451676, "ema_2": 0.8125285878588014, "ema_3": 0.6164611642428577, "cci_0": 0, "cci_1": 0.22095571614056259, "cci_2": 0.37936490266085676, "eom_0": 2.2712939342955805, "eom_1": 1.2870779274474926, "oc_gradient_0": 3.6503650788213275, "volume_0": 1.55014944024928, "volatility_0": 1.6733220592496}, "amplification_factor": {"volume_0": 2.116908642603493, "volatility_0": 2.3939590823125414}, "flip": {"rsi_0": false, "rsi_1": false, "sma_0": false, "sma_1": false, "ema_0": false, "ema_1": false, "ema_2": false, "ema_3": false, "cci_0": false, "cci_1": false, "cci_2": false, "eom_0": false, "eom_1": false, "oc_gradient_0": false, "volume_0": false, "volatility_0": false}, "major_spline_standard_upper_thresholds": 0.33478752740027484, "major_spline_standard_lower_thresholds": -0.5888249619829661}, "indicator_properties": {"timeframes": {"rsi_0": 190, "rsi_1": 95, "sma_0_1": 52, "sma_0_2": 159, "sma_1_1": 18, "sma_1_2": 212, "ema_0_1": 83, "ema_0_2": 168, "ema_1_1": 8, "ema_1_2": 202, "ema_2_1": 28, "ema_2_2": 177, "ema_3_1": 24, "ema_3_2": 169, "cci_0": 83, "cci_1": 81, "cci_2": 121, "eom_0": 191, "eom_1": 129, "volatility_0": 2, "threshold_timeframe": 22}, "rsi_standard_upper_thresholds": {"rsi_0": 54, "rsi_1": 77}, "rsi_standard_lower_thresholds": {"rsi_0": 11, "rsi_1": 48}}, "general_settings": {"spline_interpolation_factor": 4, "threshold_setting": 2, "buffer_setting": 1, "include_triggers_in_bb_signal": {"rsi": true, "sma": false, "ema": false, "cci": false, "eom": false, "oc_gradient": false}, "rsi_buffer_setting": 0}}