{"indicators_count": {"rsi": 2, "sma": 2, "ema": 4, "lwma": 0, "cci": 3, "eom": 2, "oc_gradient": 1}, "spline_property": {"weights": {"rsi_0": 6.308059401256399, "rsi_1": 1.206551941795076, "sma_0": 3.540415301236224, "sma_1": 4.223120864454835, "ema_0": 1.4256959234424171, "ema_1": 2.9223926373637674, "ema_2": 0.8206875510809464, "ema_3": 6.289871129776414, "cci_0": 1.6297016606888322, "cci_1": 1.8561037353153493, "cci_2": 4.267655308035493, "eom_0": 5.238032429433975, "eom_1": 3.0586490142998723, "oc_gradient_0": 1.6997565806700106}, "smoothing_factors": {"rsi_0": 1.561697110876405, "rsi_1": 0.894426063949255, "sma_0": 1.102296534974025, "sma_1": 0.33656650003369126, "ema_0": 0.2158016777157059, "ema_1": 0.6908973629046344, "ema_2": 0.6764545050739861, "ema_3": 0.2711365386523994, "cci_0": 0, "cci_1": 0, "cci_2": 1.1687171887212155, "eom_0": 0.2666071976852106, "eom_1": 0.46429588899360796, "oc_gradient_0": 0.1649402017494106, "volume_0": 1.457902265571879, "volatility_0": 1.013907456821387}, "amplification_factor": {"volume_0": 0.8974819324221383, "volatility_0": 1.0596655175295622}, "flip": {"rsi_0": false, "rsi_1": true, "sma_0": false, "sma_1": true, "ema_0": true, "ema_1": true, "ema_2": true, "ema_3": true, "cci_0": false, "cci_1": true, "cci_2": false, "eom_0": false, "eom_1": true, "oc_gradient_0": true, "volume_0": true, "volatility_0": false}, "major_spline_standard_upper_thresholds": 0.5837275540499978, "major_spline_standard_lower_thresholds": -0.30787351474857305}, "indicator_properties": {"timeframes": {"rsi_0": 227, "rsi_1": 2, "sma_0_1": 86, "sma_0_2": 211, "sma_1_1": 91, "sma_1_2": 217, "ema_0_1": 40, "ema_0_2": 222, "ema_1_1": 30, "ema_1_2": 164, "ema_2_1": 90, "ema_2_2": 243, "ema_3_1": 17, "ema_3_2": 187, "cci_0": 186, "cci_1": 196, "cci_2": 239, "eom_0": 214, "eom_1": 84, "volatility_0": 235, "threshold_timeframe": 20}, "rsi_standard_upper_thresholds": {"rsi_0": 64, "rsi_1": 75}, "rsi_standard_lower_thresholds": {"rsi_0": 48, "rsi_1": 21}}, "general_settings": {"spline_interpolation_factor": 4, "threshold_setting": 2, "buffer_setting": 1, "include_triggers_in_bb_signal": {"rsi": true, "sma": false, "ema": false, "cci": false, "eom": false, "oc_gradient": false}, "rsi_buffer_setting": 0}}