{"indicators_count": {"rsi": 2, "sma": 2, "ema": 4, "lwma": 0, "cci": 3, "eom": 2, "oc_gradient": 1}, "spline_property": {"weights": {"rsi_0": 5.343082826366435, "rsi_1": 2.1876677312377644, "sma_0": 2.579029417191538, "sma_1": 1.2360208486037993, "ema_0": 0.21317713538648086, "ema_1": 4.578762684956214, "ema_2": 6.460478142861309, "ema_3": 1.5384670859798175, "cci_0": 0.874853982496771, "cci_1": 5.358141458261411, "cci_2": 1.935950949901335, "eom_0": 0.3921588955801057, "eom_1": 0.513362419141148, "oc_gradient_0": 8.764686154589858}, "smoothing_factors": {"rsi_0": 0, "rsi_1": 0.036722737700558866, "sma_0": 1.5427452556729402, "sma_1": 1.1469108570254587, "ema_0": 1.200811549230688, "ema_1": 1.9483857009278607, "ema_2": 0.5332217669705224, "ema_3": 1.113659556766492, "cci_0": 1.6336518134995601, "cci_1": 1.801222717521501, "cci_2": 0.1286597746438603, "eom_0": 0.14682372974680385, "eom_1": 0.6352109030613988, "oc_gradient_0": 0, "volume_0": 1.2324422744500214, "volatility_0": 1.4617315443126773}, "amplification_factor": {"volume_0": 0.9640746047723493, "volatility_0": 2.955201720728637}, "flip": {"rsi_0": false, "rsi_1": false, "sma_0": false, "sma_1": false, "ema_0": false, "ema_1": false, "ema_2": false, "ema_3": false, "cci_0": false, "cci_1": false, "cci_2": false, "eom_0": false, "eom_1": false, "oc_gradient_0": false, "volume_0": false, "volatility_0": false}, "major_spline_standard_upper_thresholds": 0.4689574348117647, "major_spline_standard_lower_thresholds": -0.3468654896855167}, "indicator_properties": {"timeframes": {"rsi_0": 21, "rsi_1": 175, "sma_0_1": 38, "sma_0_2": 199, "sma_1_1": 34, "sma_1_2": 214, "ema_0_1": 91, "ema_0_2": 174, "ema_1_1": 38, "ema_1_2": 236, "ema_2_1": 105, "ema_2_2": 216, "ema_3_1": 20, "ema_3_2": 221, "cci_0": 157, "cci_1": 85, "cci_2": 61, "eom_0": 24, "eom_1": 206, "volatility_0": 201, "threshold_timeframe": 23}, "rsi_standard_upper_thresholds": {"rsi_0": 80, "rsi_1": 53}, "rsi_standard_lower_thresholds": {"rsi_0": 15, "rsi_1": 13}}, "general_settings": {"spline_interpolation_factor": 4, "threshold_setting": 2, "buffer_setting": 1, "include_triggers_in_bb_signal": {"rsi": true, "sma": false, "ema": false, "cci": false, "eom": false, "oc_gradient": false}, "rsi_buffer_setting": 0}}