{"indicators_count": {"rsi": 2, "sma": 2, "ema": 4, "lwma": 0, "cci": 3, "eom": 2, "oc_gradient": 1}, "spline_property": {"weights": {"rsi_0": 4.053245783419101, "rsi_1": 5.035481887237766, "sma_0": 8.906351000501298, "sma_1": 3.1174587172286543, "ema_0": 2.35458801964377, "ema_1": 4.155765616074558, "ema_2": 5.749903787259944, "ema_3": 4.092119390592684, "cci_0": 0.2706720084930024, "cci_1": 8.833120321005087, "cci_2": 8.915855037236673, "eom_0": 3.2530286842497973, "eom_1": 9.375664642178075, "oc_gradient_0": 8.356965892414783}, "smoothing_factors": {"rsi_0": 2.218453106957728, "rsi_1": 1.848122392717374, "sma_0": 1.1502056569378836, "sma_1": 0, "ema_0": 0, "ema_1": 0, "ema_2": 2.301494525186845, "ema_3": 1.8359723507636978, "cci_0": 1.1756818786943914, "cci_1": 1.031020162482056, "cci_2": 1.253604625318245, "eom_0": 0.7323844325901113, "eom_1": 2.491601988341448, "oc_gradient_0": 0, "volume_0": 1.3663218586118686, "volatility_0": 1.2477875383293275}, "amplification_factor": {"volume_0": 1.1725027513021722, "volatility_0": 2.577031727057723}, "flip": {"rsi_0": true, "rsi_1": false, "sma_0": true, "sma_1": true, "ema_0": true, "ema_1": false, "ema_2": true, "ema_3": true, "cci_0": false, "cci_1": false, "cci_2": true, "eom_0": true, "eom_1": true, "oc_gradient_0": false, "volume_0": true, "volatility_0": true}, "major_spline_standard_upper_thresholds": 0.39230679132489, "major_spline_standard_lower_thresholds": -0.38895721328774024}, "indicator_properties": {"timeframes": {"rsi_0": 137, "rsi_1": 241, "sma_0_1": 90, "sma_0_2": 207, "sma_1_1": 97, "sma_1_2": 161, "ema_0_1": 48, "ema_0_2": 252, "ema_1_1": 69, "ema_1_2": 172, "ema_2_1": 38, "ema_2_2": 155, "ema_3_1": 67, "ema_3_2": 196, "cci_0": 231, "cci_1": 59, "cci_2": 130, "eom_0": 152, "eom_1": 128, "volatility_0": 164, "threshold_timeframe": 18}, "rsi_standard_upper_thresholds": {"rsi_0": 81, "rsi_1": 75}, "rsi_standard_lower_thresholds": {"rsi_0": 32, "rsi_1": 33}}, "general_settings": {"spline_interpolation_factor": 4, "threshold_setting": 2, "buffer_setting": 1, "include_triggers_in_bb_signal": {"rsi": true, "sma": false, "ema": false, "cci": false, "eom": false, "oc_gradient": false}, "rsi_buffer_setting": 0}}