{"indicators_count": {"rsi": 2, "sma": 2, "ema": 4, "lwma": 0, "cci": 3, "eom": 2, "oc_gradient": 1}, "spline_property": {"weights": {"rsi_0": 8.71855278913917, "rsi_1": 4.837965744382308, "sma_0": 2.3490740604772187, "sma_1": 5.025349238497052, "ema_0": 9.076220712233228, "ema_1": 0.23803219181972868, "ema_2": 5.233029415516982, "ema_3": 0.6024708639225709, "cci_0": 4.848064670954941, "cci_1": 0.9880107396655977, "cci_2": 2.650020706985819, "eom_0": 0.6649976981359529, "eom_1": 5.3670022532259125, "oc_gradient_0": 3.5780424597886777}, "smoothing_factors": {"rsi_0": 1.0603751091255447, "rsi_1": 1.977509390941632, "sma_0": 0.5658267730318272, "sma_1": 0.4095005813663678, "ema_0": 1.1650926057917612, "ema_1": 1.2112948592410349, "ema_2": 1.8005706109369055, "ema_3": 0, "cci_0": 2.1677190657299574, "cci_1": 0.06637663707598596, "cci_2": 0.09034379589790875, "eom_0": 1.9157153722295681, "eom_1": 1.7236505304328957, "oc_gradient_0": 1.2620025980073284, "volume_0": 0.2707863321720315, "volatility_0": 1.0558903076404986}, "amplification_factor": {"volume_0": 2.1194266112426012, "volatility_0": 0.19220341166925825}, "flip": {"rsi_0": false, "rsi_1": false, "sma_0": false, "sma_1": false, "ema_0": false, "ema_1": false, "ema_2": false, "ema_3": false, "cci_0": false, "cci_1": false, "cci_2": false, "eom_0": false, "eom_1": false, "oc_gradient_0": false, "volume_0": false, "volatility_0": false}, "major_spline_standard_upper_thresholds": 0.475853319831427, "major_spline_standard_lower_thresholds": -0.47495380622619354}, "indicator_properties": {"timeframes": {"rsi_0": 26, "rsi_1": 124, "sma_0_1": 66, "sma_0_2": 175, "sma_1_1": 41, "sma_1_2": 172, "ema_0_1": 42, "ema_0_2": 246, "ema_1_1": 85, "ema_1_2": 172, "ema_2_1": 103, "ema_2_2": 230, "ema_3_1": 100, "ema_3_2": 238, "cci_0": 38, "cci_1": 217, "cci_2": 44, "eom_0": 98, "eom_1": 167, "volatility_0": 100, "threshold_timeframe": 12}, "rsi_standard_upper_thresholds": {"rsi_0": 63, "rsi_1": 79}, "rsi_standard_lower_thresholds": {"rsi_0": 27, "rsi_1": 40}}, "general_settings": {"spline_interpolation_factor": 4, "threshold_setting": 2, "buffer_setting": 1, "include_triggers_in_bb_signal": {"rsi": true, "sma": false, "ema": false, "cci": false, "eom": false, "oc_gradient": false}, "rsi_buffer_setting": 0}}