{"indicators_count": {"rsi": 2, "sma": 2, "ema": 4, "lwma": 0, "cci": 3, "eom": 2, "oc_gradient": 1}, "spline_property": {"weights": {"rsi_0": 8.763424896607905, "rsi_1": 8.635303754104246, "sma_0": 7.648894410007986, "sma_1": 2.343358068765445, "ema_0": 1.1469121376504616, "ema_1": 5.550133349138118, "ema_2": 8.612492812172494, "ema_3": 0.07584349768662974, "cci_0": 5.878329411222024, "cci_1": 1.3606865683519422, "cci_2": 1.5554096202941041, "eom_0": 8.28824907985472, "eom_1": 1.776906858427049, "oc_gradient_0": 5.355513841821718}, "smoothing_factors": {"rsi_0": 0.574305141147329, "rsi_1": 0.23846835120151666, "sma_0": 2.4893060704669923, "sma_1": 2.2048880986622716, "ema_0": 1.5867957161825066, "ema_1": 1.604061286408058, "ema_2": 0.2314732096887313, "ema_3": 0.022850646546403564, "cci_0": 0.34551859541949503, "cci_1": 1.7820964525575378, "cci_2": 1.0933236679887721, "eom_0": 1.130180910021679, "eom_1": 0.47516229500311824, "oc_gradient_0": 0, "volume_0": 0.2115970541965797, "volatility_0": 0}, "amplification_factor": {"volume_0": 2.5682644975958153, "volatility_0": 0.13495993077736423}, "flip": {"rsi_0": false, "rsi_1": false, "sma_0": false, "sma_1": false, "ema_0": false, "ema_1": false, "ema_2": false, "ema_3": false, "cci_0": false, "cci_1": false, "cci_2": false, "eom_0": false, "eom_1": false, "oc_gradient_0": false, "volume_0": false, "volatility_0": false}, "major_spline_standard_upper_thresholds": 0.31505315816002477, "major_spline_standard_lower_thresholds": -0.40961193777182087}, "indicator_properties": {"timeframes": {"rsi_0": 56, "rsi_1": 206, "sma_0_1": 24, "sma_0_2": 231, "sma_1_1": 90, "sma_1_2": 163, "ema_0_1": 60, "ema_0_2": 245, "ema_1_1": 43, "ema_1_2": 170, "ema_2_1": 27, "ema_2_2": 189, "ema_3_1": 32, "ema_3_2": 166, "cci_0": 143, "cci_1": 207, "cci_2": 57, "eom_0": 52, "eom_1": 128, "volatility_0": 144, "threshold_timeframe": 21}, "rsi_standard_upper_thresholds": {"rsi_0": 58, "rsi_1": 74}, "rsi_standard_lower_thresholds": {"rsi_0": 26, "rsi_1": 16}}, "general_settings": {"spline_interpolation_factor": 4, "threshold_setting": 2, "buffer_setting": 1, "include_triggers_in_bb_signal": {"rsi": true, "sma": false, "ema": false, "cci": false, "eom": false, "oc_gradient": false}, "rsi_buffer_setting": 0}}