{"indicators_count": {"rsi": 2, "sma": 2, "ema": 4, "lwma": 0, "cci": 3, "eom": 2, "oc_gradient": 1}, "spline_property": {"weights": {"rsi_0": 3.9213160859186327, "rsi_1": 2.362501656783457, "sma_0": 8.058531812645935, "sma_1": 8.112785057382482, "ema_0": 5.329221249140511, "ema_1": 0.5307394480151062, "ema_2": 5.995647100439499, "ema_3": 0.6358931840206689, "cci_0": 2.432194068403623, "cci_1": 6.0406900711220475, "cci_2": 8.284837451438262, "eom_0": 4.72046786442022, "eom_1": 3.0229177496138715, "oc_gradient_0": 6.071997299666992}, "smoothing_factors": {"rsi_0": 1.6868393060405744, "rsi_1": 2.2285170993388346, "sma_0": 0, "sma_1": 1.4187338939912904, "ema_0": 1.2218930229427913, "ema_1": 1.3527895359824575, "ema_2": 0.7063927000747734, "ema_3": 1.2392259315661414, "cci_0": 0.9855400071022826, "cci_1": 0.2595831774780195, "cci_2": 0, "eom_0": 0, "eom_1": 1.3377628551338654, "oc_gradient_0": 1.4822318491534734, "volume_0": 0.5812612182759784, "volatility_0": 1.2359487480704607}, "amplification_factor": {"volume_0": 1.327142784232248, "volatility_0": 0.5898263246204548}, "flip": {"rsi_0": false, "rsi_1": true, "sma_0": true, "sma_1": true, "ema_0": false, "ema_1": false, "ema_2": false, "ema_3": false, "cci_0": false, "cci_1": false, "cci_2": true, "eom_0": false, "eom_1": true, "oc_gradient_0": true, "volume_0": false, "volatility_0": false}, "major_spline_standard_upper_thresholds": 0.4603107093066965, "major_spline_standard_lower_thresholds": -0.3960220210357299}, "indicator_properties": {"timeframes": {"rsi_0": 135, "rsi_1": 78, "sma_0_1": 91, "sma_0_2": 238, "sma_1_1": 38, "sma_1_2": 198, "ema_0_1": 53, "ema_0_2": 241, "ema_1_1": 37, "ema_1_2": 168, "ema_2_1": 96, "ema_2_2": 241, "ema_3_1": 26, "ema_3_2": 167, "cci_0": 104, "cci_1": 27, "cci_2": 201, "eom_0": 104, "eom_1": 243, "volatility_0": 235, "threshold_timeframe": 18}, "rsi_standard_upper_thresholds": {"rsi_0": 85, "rsi_1": 66}, "rsi_standard_lower_thresholds": {"rsi_0": 13, "rsi_1": 14}}, "general_settings": {"spline_interpolation_factor": 4, "threshold_setting": 2, "buffer_setting": 1, "include_triggers_in_bb_signal": {"rsi": true, "sma": false, "ema": false, "cci": false, "eom": false, "oc_gradient": false}, "rsi_buffer_setting": 0}}