{"indicators_count": {"rsi": 2, "sma": 2, "ema": 4, "lwma": 0, "cci": 3, "eom": 2, "oc_gradient": 1}, "spline_property": {"weights": {"rsi_0": 3.7937069695720798, "rsi_1": 2.8100885584971556, "sma_0": 7.23753165542161, "sma_1": 10.19271091715674, "ema_0": 2.622040068777217, "ema_1": 1.4214054640162468, "ema_2": 9.330573343065572, "ema_3": 0.3784390103335824, "cci_0": 6.038841883137095, "cci_1": 2.6250689024049416, "cci_2": 3.431350219342623, "eom_0": 6.055077439570319, "eom_1": 1.469622189774876, "oc_gradient_0": 3.5918120365673882}, "smoothing_factors": {"rsi_0": 0.07565186107011185, "rsi_1": 0, "sma_0": 0.08308543770225174, "sma_1": 0.17217692097695347, "ema_0": 0.9054326015314133, "ema_1": 0, "ema_2": 0.6873651490935623, "ema_3": 0, "cci_0": 0.6319307050567258, "cci_1": 2.0082861652453943, "cci_2": 0.7042684330245963, "eom_0": 1.7218161396352154, "eom_1": 0.7436000017021138, "oc_gradient_0": 2.117598381000679, "volume_0": 1.5412582727237718, "volatility_0": 1.8096168103735817}, "amplification_factor": {"volume_0": 0.3122248027464476, "volatility_0": 1.0259418528580393}, "flip": {"rsi_0": true, "rsi_1": false, "sma_0": false, "sma_1": false, "ema_0": false, "ema_1": false, "ema_2": false, "ema_3": false, "cci_0": false, "cci_1": false, "cci_2": false, "eom_0": false, "eom_1": false, "oc_gradient_0": true, "volume_0": false, "volatility_0": false}, "major_spline_standard_upper_thresholds": 0.46586848283274723, "major_spline_standard_lower_thresholds": -0.43314621797884695}, "indicator_properties": {"timeframes": {"rsi_0": 87, "rsi_1": 32, "sma_0_1": 79, "sma_0_2": 247, "sma_1_1": 3, "sma_1_2": 159, "ema_0_1": 44, "ema_0_2": 206, "ema_1_1": 58, "ema_1_2": 239, "ema_2_1": 59, "ema_2_2": 188, "ema_3_1": 94, "ema_3_2": 153, "cci_0": 5, "cci_1": 112, "cci_2": 174, "eom_0": 222, "eom_1": 9, "volatility_0": 192, "threshold_timeframe": 20}, "rsi_standard_upper_thresholds": {"rsi_0": 52, "rsi_1": 65}, "rsi_standard_lower_thresholds": {"rsi_0": 45, "rsi_1": 30}}, "general_settings": {"spline_interpolation_factor": 4, "threshold_setting": 2, "buffer_setting": 1, "include_triggers_in_bb_signal": {"rsi": true, "sma": false, "ema": false, "cci": false, "eom": false, "oc_gradient": false}, "rsi_buffer_setting": 0}}