{"indicators_count": {"rsi": 2, "sma": 2, "ema": 4, "lwma": 0, "cci": 3, "eom": 2, "oc_gradient": 1}, "spline_property": {"weights": {"rsi_0": 6.067809313358714, "rsi_1": 0.31106000457666727, "sma_0": 8.158487894076828, "sma_1": 6.6737163846370215, "ema_0": 0.8255875382820274, "ema_1": 3.8594554081011343, "ema_2": 8.230037625810475, "ema_3": 1.7892387073498037, "cci_0": 6.115614864898538, "cci_1": 9.857924538964632, "cci_2": 1.1585510697763486, "eom_0": 1.4451725031956721, "eom_1": 1.8780554691790994, "oc_gradient_0": 5.99334683199391}, "smoothing_factors": {"rsi_0": 1.6466724890495195, "rsi_1": 0.25138723006614017, "sma_0": 0.3048627495953525, "sma_1": 0, "ema_0": 0.01145773444820361, "ema_1": 0.01817174602605376, "ema_2": 1.1086458137777346, "ema_3": 1.746346827247343, "cci_0": 1.6732443300877309, "cci_1": 0.8045673077742194, "cci_2": 0.31354129435142886, "eom_0": 0.038730063871436515, "eom_1": 0, "oc_gradient_0": 1.5065379007136555, "volume_0": 1.2618398039147811, "volatility_0": 0.2064254369790096}, "amplification_factor": {"volume_0": 0.16644763769489446, "volatility_0": 1.2054555361484875}, "flip": {"rsi_0": false, "rsi_1": false, "sma_0": false, "sma_1": false, "ema_0": false, "ema_1": false, "ema_2": false, "ema_3": false, "cci_0": false, "cci_1": false, "cci_2": false, "eom_0": false, "eom_1": false, "oc_gradient_0": false, "volume_0": false, "volatility_0": false}, "major_spline_standard_upper_thresholds": 0.42307137757122215, "major_spline_standard_lower_thresholds": -0.48983804555790417}, "indicator_properties": {"timeframes": {"rsi_0": 205, "rsi_1": 13, "sma_0_1": 35, "sma_0_2": 205, "sma_1_1": 55, "sma_1_2": 196, "ema_0_1": 81, "ema_0_2": 227, "ema_1_1": 23, "ema_1_2": 167, "ema_2_1": 49, "ema_2_2": 224, "ema_3_1": 84, "ema_3_2": 196, "cci_0": 32, "cci_1": 119, "cci_2": 143, "eom_0": 86, "eom_1": 133, "volatility_0": 23, "threshold_timeframe": 22}, "rsi_standard_upper_thresholds": {"rsi_0": 54, "rsi_1": 51}, "rsi_standard_lower_thresholds": {"rsi_0": 11, "rsi_1": 32}}, "general_settings": {"spline_interpolation_factor": 4, "threshold_setting": 2, "buffer_setting": 1, "include_triggers_in_bb_signal": {"rsi": true, "sma": false, "ema": false, "cci": false, "eom": false, "oc_gradient": false}, "rsi_buffer_setting": 0}}