{"indicators_count": {"rsi": 2, "sma": 2, "ema": 4, "lwma": 0, "cci": 3, "eom": 2, "oc_gradient": 1}, "spline_property": {"weights": {"rsi_0": 2.6685275149875576, "rsi_1": 7.9585652535951334, "sma_0": 4.401086873953443, "sma_1": 8.437353682949377, "ema_0": 1.6226444537719444, "ema_1": 4.316772576075295, "ema_2": 5.2428231403029635, "ema_3": 5.826302241511107, "cci_0": 5.538536591462244, "cci_1": 8.052623670327874, "cci_2": 1.1733224186915947, "eom_0": 8.68701350627324, "eom_1": 8.463811132030454, "oc_gradient_0": 0.03298969460947948}, "smoothing_factors": {"rsi_0": 3.7546576076006604, "rsi_1": 0, "sma_0": 1.0607255067219752, "sma_1": 0, "ema_0": 1.6102580146144547, "ema_1": 1.1425894558974314, "ema_2": 2.1233882140415856, "ema_3": 0.056091012795722595, "cci_0": 4.1513918523101205, "cci_1": 0, "cci_2": 0.3408375983053877, "eom_0": 0, "eom_1": 4.0778405096492545, "oc_gradient_0": 0.8439518482299342, "volume_0": 0, "volatility_0": 3.356637848503475}, "amplification_factor": {"volume_0": 0.9465947630253564, "volatility_0": 2.6952758159803967}, "flip": {"rsi_0": false, "rsi_1": false, "sma_0": false, "sma_1": false, "ema_0": false, "ema_1": false, "ema_2": false, "ema_3": false, "cci_0": false, "cci_1": false, "cci_2": false, "eom_0": false, "eom_1": false, "oc_gradient_0": false, "volume_0": false, "volatility_0": false}, "major_spline_standard_upper_thresholds": 0.5616448328418531, "major_spline_standard_lower_thresholds": -0.5825796949646748}, "indicator_properties": {"timeframes": {"rsi_0": 157, "rsi_1": 165, "sma_0_1": 93, "sma_0_2": 223, "sma_1_1": 2, "sma_1_2": 189, "ema_0_1": 91, "ema_0_2": 240, "ema_1_1": 77, "ema_1_2": 200, "ema_2_1": 38, "ema_2_2": 232, "ema_3_1": 83, "ema_3_2": 188, "cci_0": 22, "cci_1": 43, "cci_2": 17, "eom_0": 162, "eom_1": 230, "volatility_0": 5, "threshold_timeframe": 9}, "rsi_standard_upper_thresholds": {"rsi_0": 67, "rsi_1": 88}, "rsi_standard_lower_thresholds": {"rsi_0": 27, "rsi_1": 46}}, "general_settings": {"spline_interpolation_factor": 4, "threshold_setting": 2, "buffer_setting": 1, "include_triggers_in_bb_signal": {"rsi": true, "sma": false, "ema": false, "cci": false, "eom": false, "oc_gradient": false}, "rsi_buffer_setting": 0}}