{"indicators_count": {"rsi": 2, "sma": 2, "ema": 4, "lwma": 0, "cci": 3, "eom": 2, "oc_gradient": 1}, "spline_property": {"weights": {"rsi_0": 5.718438188892586, "rsi_1": 9.287016492615232, "sma_0": 5.40041210203645, "sma_1": 7.830710799709691, "ema_0": 6.275024494498945, "ema_1": 1.1541406127525866, "ema_2": 0.41937363013684603, "ema_3": 7.4351514562805505, "cci_0": 3.321601848904393, "cci_1": 5.102029048702953, "cci_2": 0.06669562741281951, "eom_0": 3.8657095957659253, "eom_1": 9.63770962839253, "oc_gradient_0": 6.25545345161728}, "smoothing_factors": {"rsi_0": 0.0822201779643329, "rsi_1": 0.31013827013536144, "sma_0": 0.7672807033292284, "sma_1": 1.4783875771918793, "ema_0": 1.9918166772609835, "ema_1": 1.779900371418045, "ema_2": 0.9504034376215342, "ema_3": 0.29757152173996837, "cci_0": 2.747938442969682, "cci_1": 1.3790327865327774, "cci_2": 0.4001590261558656, "eom_0": 2.0656499524296787, "eom_1": 2.0647057317671385, "oc_gradient_0": 0, "volume_0": 1.8406147197574056, "volatility_0": 1.5210866677110848}, "amplification_factor": {"volume_0": 1.8968447138120483, "volatility_0": 0.6162126234728478}, "flip": {"rsi_0": false, "rsi_1": false, "sma_0": false, "sma_1": false, "ema_0": false, "ema_1": false, "ema_2": false, "ema_3": false, "cci_0": false, "cci_1": false, "cci_2": false, "eom_0": false, "eom_1": false, "oc_gradient_0": false, "volume_0": false, "volatility_0": false}, "major_spline_standard_upper_thresholds": 0.3814495045505205, "major_spline_standard_lower_thresholds": -0.4589688016754814}, "indicator_properties": {"timeframes": {"rsi_0": 139, "rsi_1": 109, "sma_0_1": 14, "sma_0_2": 154, "sma_1_1": 53, "sma_1_2": 182, "ema_0_1": 3, "ema_0_2": 194, "ema_1_1": 93, "ema_1_2": 229, "ema_2_1": 60, "ema_2_2": 155, "ema_3_1": 36, "ema_3_2": 167, "cci_0": 65, "cci_1": 59, "cci_2": 30, "eom_0": 205, "eom_1": 126, "volatility_0": 17, "threshold_timeframe": 17}, "rsi_standard_upper_thresholds": {"rsi_0": 85, "rsi_1": 77}, "rsi_standard_lower_thresholds": {"rsi_0": 12, "rsi_1": 42}}, "general_settings": {"spline_interpolation_factor": 4, "threshold_setting": 2, "buffer_setting": 1, "include_triggers_in_bb_signal": {"rsi": true, "sma": false, "ema": false, "cci": false, "eom": false, "oc_gradient": false}, "rsi_buffer_setting": 0}}