{"indicators_count": {"rsi": 2, "sma": 2, "ema": 4, "lwma": 0, "cci": 3, "eom": 2, "oc_gradient": 1}, "spline_property": {"weights": {"rsi_0": 4.413750631060665, "rsi_1": 8.818622046525075, "sma_0": 7.159099089867577, "sma_1": 8.192084059330515, "ema_0": 7.661428522892394, "ema_1": 0.7972121480993256, "ema_2": 9.518606900007459, "ema_3": 9.990526763528596, "cci_0": 9.209579432906049, "cci_1": 5.418855496212774, "cci_2": 2.872417625062723, "eom_0": 7.848766505290433, "eom_1": 0.04582431361605947, "oc_gradient_0": 3.283267851339616}, "smoothing_factors": {"rsi_0": 0.6599385496592954, "rsi_1": 0.7808558547413678, "sma_0": 0, "sma_1": 1.31762322461922, "ema_0": 0.6851153908557948, "ema_1": 1.321829519991198, "ema_2": 1.0214060068756987, "ema_3": 1.3419870709766328, "cci_0": 2.4338487065558314, "cci_1": 2.0566560994865295, "cci_2": 0.399133097103537, "eom_0": 0.8894899860461979, "eom_1": 2.4412297833324406, "oc_gradient_0": 1.286890609862297, "volume_0": 2.2531705295452, "volatility_0": 1.3087999345759045}, "amplification_factor": {"volume_0": 0.13128709850320763, "volatility_0": 1.588997420887949}, "flip": {"rsi_0": false, "rsi_1": false, "sma_0": false, "sma_1": false, "ema_0": false, "ema_1": false, "ema_2": false, "ema_3": false, "cci_0": false, "cci_1": false, "cci_2": false, "eom_0": false, "eom_1": false, "oc_gradient_0": false, "volume_0": false, "volatility_0": false}, "major_spline_standard_upper_thresholds": 0.35994826984155553, "major_spline_standard_lower_thresholds": -0.5205372953417652}, "indicator_properties": {"timeframes": {"rsi_0": 221, "rsi_1": 177, "sma_0_1": 15, "sma_0_2": 175, "sma_1_1": 5, "sma_1_2": 187, "ema_0_1": 60, "ema_0_2": 188, "ema_1_1": 13, "ema_1_2": 190, "ema_2_1": 53, "ema_2_2": 208, "ema_3_1": 63, "ema_3_2": 158, "cci_0": 43, "cci_1": 8, "cci_2": 208, "eom_0": 177, "eom_1": 32, "volatility_0": 76, "threshold_timeframe": 12}, "rsi_standard_upper_thresholds": {"rsi_0": 52, "rsi_1": 56}, "rsi_standard_lower_thresholds": {"rsi_0": 44, "rsi_1": 26}}, "general_settings": {"spline_interpolation_factor": 4, "threshold_setting": 2, "buffer_setting": 1, "include_triggers_in_bb_signal": {"rsi": true, "sma": false, "ema": false, "cci": false, "eom": false, "oc_gradient": false}, "rsi_buffer_setting": 0}}