{"indicators_count": {"rsi": 2, "sma": 2, "ema": 4, "lwma": 0, "cci": 3, "eom": 2, "oc_gradient": 1}, "spline_property": {"weights": {"rsi_0": 9.651335079188438, "rsi_1": 9.267800380917969, "sma_0": 1.6021171944890433, "sma_1": 7.570179751784473, "ema_0": 1.538202314366216, "ema_1": 0.48677489753801906, "ema_2": 4.9659662101971245, "ema_3": 9.851247291209068, "cci_0": 0.5234827292362112, "cci_1": 8.18327332140198, "cci_2": 3.5431118238810764, "eom_0": 6.9182957572285195, "eom_1": 1.745597708160236, "oc_gradient_0": 4.990409240150068}, "smoothing_factors": {"rsi_0": 0, "rsi_1": 0, "sma_0": 1.8452846257239857, "sma_1": 1.155845172872105, "ema_0": 1.8952892083120672, "ema_1": 0.4660124401281027, "ema_2": 1.5415578183468173, "ema_3": 0.08569325548093087, "cci_0": 1.6093783349389992, "cci_1": 0.5862885925332812, "cci_2": 1.4524493706451522, "eom_0": 1.2872377958620127, "eom_1": 1.5149915055919452, "oc_gradient_0": 1.2354530519252924, "volume_0": 1.0951319903890366, "volatility_0": 0.8644466245585354}, "amplification_factor": {"volume_0": 2.8595747414386787, "volatility_0": 0.5846148686038883}, "flip": {"rsi_0": false, "rsi_1": false, "sma_0": false, "sma_1": false, "ema_0": false, "ema_1": false, "ema_2": false, "ema_3": false, "cci_0": false, "cci_1": false, "cci_2": false, "eom_0": false, "eom_1": false, "oc_gradient_0": false, "volume_0": false, "volatility_0": false}, "major_spline_standard_upper_thresholds": 0.45594911616932493, "major_spline_standard_lower_thresholds": -0.3939424765371086}, "indicator_properties": {"timeframes": {"rsi_0": 76, "rsi_1": 207, "sma_0_1": 37, "sma_0_2": 186, "sma_1_1": 70, "sma_1_2": 184, "ema_0_1": 11, "ema_0_2": 176, "ema_1_1": 2, "ema_1_2": 161, "ema_2_1": 25, "ema_2_2": 181, "ema_3_1": 73, "ema_3_2": 166, "cci_0": 11, "cci_1": 160, "cci_2": 142, "eom_0": 96, "eom_1": 121, "volatility_0": 53, "threshold_timeframe": 23}, "rsi_standard_upper_thresholds": {"rsi_0": 83, "rsi_1": 90}, "rsi_standard_lower_thresholds": {"rsi_0": 13, "rsi_1": 47}}, "general_settings": {"spline_interpolation_factor": 4, "threshold_setting": 2, "buffer_setting": 1, "include_triggers_in_bb_signal": {"rsi": true, "sma": false, "ema": false, "cci": false, "eom": false, "oc_gradient": false}, "rsi_buffer_setting": 0}}