{"indicators_count": {"rsi": 2, "sma": 2, "ema": 4, "lwma": 0, "cci": 3, "eom": 2, "oc_gradient": 1}, "spline_property": {"weights": {"rsi_0": 8.721330270702499, "rsi_1": 7.182882471865418, "sma_0": 2.189304251240155, "sma_1": 8.200368496360916, "ema_0": 9.628983471359069, "ema_1": 3.7322352121536184, "ema_2": 0.11056510399419905, "ema_3": 5.654447884667622, "cci_0": 5.016401537452851, "cci_1": 0.7316548638732847, "cci_2": 1.948328248269571, "eom_0": 5.366480691170255, "eom_1": 2.0088618867329044, "oc_gradient_0": 6.024434562331995}, "smoothing_factors": {"rsi_0": 1.2268320482630517, "rsi_1": 1.0560144435330285, "sma_0": 1.3096133254927638, "sma_1": 2.534074050400579, "ema_0": 0.525300930732931, "ema_1": 1.8299763259024155, "ema_2": 0.9311283182117434, "ema_3": 0.5919276009814223, "cci_0": 0.3152105649756775, "cci_1": 0.027490688763049387, "cci_2": 1.4514888304138922, "eom_0": 0.00797458270107243, "eom_1": 0.3309271112990617, "oc_gradient_0": 0.4115938612977801, "volume_0": 0.7832585766725593, "volatility_0": 0.06744002628328793}, "amplification_factor": {"volume_0": 0.7741511377438884, "volatility_0": 1.3566033801234316}, "flip": {"rsi_0": false, "rsi_1": false, "sma_0": false, "sma_1": false, "ema_0": false, "ema_1": false, "ema_2": false, "ema_3": false, "cci_0": false, "cci_1": false, "cci_2": true, "eom_0": false, "eom_1": false, "oc_gradient_0": true, "volume_0": false, "volatility_0": true}, "major_spline_standard_upper_thresholds": 0.4245679434738051, "major_spline_standard_lower_thresholds": -0.5788484849321726}, "indicator_properties": {"timeframes": {"rsi_0": 240, "rsi_1": 88, "sma_0_1": 71, "sma_0_2": 201, "sma_1_1": 92, "sma_1_2": 168, "ema_0_1": 73, "ema_0_2": 149, "ema_1_1": 82, "ema_1_2": 216, "ema_2_1": 61, "ema_2_2": 221, "ema_3_1": 50, "ema_3_2": 230, "cci_0": 13, "cci_1": 136, "cci_2": 65, "eom_0": 160, "eom_1": 105, "volatility_0": 197, "threshold_timeframe": 21}, "rsi_standard_upper_thresholds": {"rsi_0": 73, "rsi_1": 82}, "rsi_standard_lower_thresholds": {"rsi_0": 16, "rsi_1": 21}}, "general_settings": {"spline_interpolation_factor": 4, "threshold_setting": 2, "buffer_setting": 1, "include_triggers_in_bb_signal": {"rsi": true, "sma": false, "ema": false, "cci": false, "eom": false, "oc_gradient": false}, "rsi_buffer_setting": 0}}