{
    "indicators_count": {
        "rsi": 2,
        "sma": 2,
        "ema": 4,
        "lwma": 0,
        "cci": 3,
        "eom": 2,
        "oc_gradient": 1
    },
    "spline_property": {
        "weights": {
            "rsi_0": 2.396694157914877,
            "rsi_1": 8.831388652297763,
            "sma_0": 1.752060530697661,
            "sma_1": 5.111246078651228,
            "ema_0": 1.042633667017423,
            "ema_1": 2.180190861414517,
            "ema_2": 3.2154330695151154,
            "ema_3": 8.907719171943533,
            "cci_0": 0.9256761243123879,
            "cci_1": 5.98820653864011,
            "cci_2": 3.58557961957977,
            "eom_0": 8.171555048339759,
            "eom_1": 7.024821786850614,
            "oc_gradient_0": 8.900679829035088
        },
        "smoothing_factors": {
            "rsi_0": 0.5302944655304184,
            "rsi_1": 0,
            "sma_0": 0.8177685366024252,
            "sma_1": 0.637773903897987,
            "ema_0": 1.080787082552615,
            "ema_1": 2.350443707951907,
            "ema_2": 1.6285972231943644,
            "ema_3": 0,
            "cci_0": 0.6908013676222736,
            "cci_1": 0.7676810763364791,
            "cci_2": 0,
            "eom_0": 1.3241262744263196,
            "eom_1": 0.43878726764918696,
            "oc_gradient_0": 0,
            "volume_0": 0.8167273664520671,
            "volatility_0": 0
        },
        "amplification_factor": {
            "volume_0": 2.059188048442998,
            "volatility_0": 2.0210854346550184
        },
        "flip": {
            "rsi_0": true,
            "rsi_1": false,
            "sma_0": true,
            "sma_1": false,
            "ema_0": false,
            "ema_1": true,
            "ema_2": true,
            "ema_3": true,
            "cci_0": true,
            "cci_1": true,
            "cci_2": false,
            "eom_0": false,
            "eom_1": true,
            "oc_gradient_0": false,
            "volume_0": true,
            "volatility_0": false
        },
        "major_spline_standard_upper_thresholds": 0.42277893054548793,
        "major_spline_standard_lower_thresholds": -0.5366550098438994
    },
    "indicator_properties": {
        "timeframes": {
            "rsi_0": 8,
            "rsi_1": 61,
            "sma_0_1": 84,
            "sma_0_2": 174,
            "sma_1_1": 17,
            "sma_1_2": 145,
            "ema_0_1": 4,
            "ema_0_2": 163,
            "ema_1_1": 5,
            "ema_1_2": 226,
            "ema_2_1": 39,
            "ema_2_2": 176,
            "ema_3_1": 52,
            "ema_3_2": 185,
            "cci_0": 210,
            "cci_1": 128,
            "cci_2": 47,
            "eom_0": 105,
            "eom_1": 69,
            "volatility_0": 61,
            "threshold_timeframe": 15
        },
        "rsi_standard_upper_thresholds": {
            "rsi_0": 61,
            "rsi_1": 81
        },
        "rsi_standard_lower_thresholds": {
            "rsi_0": 17,
            "rsi_1": 43
        }
    },
    "general_settings": {
        "spline_interpolation_factor": 4,
        "threshold_setting": 2,
        "buffer_setting": 1,
        "include_triggers_in_bb_signal": {
            "rsi": true,
            "sma": false,
            "ema": false,
            "cci": false,
            "eom": false,
            "oc_gradient": false
        },
        "rsi_buffer_setting": 0
    }
}