{"indicators_count": {"rsi": 2, "sma": 2, "ema": 4, "lwma": 0, "cci": 3, "eom": 2, "oc_gradient": 1}, "spline_property": {"weights": {"rsi_0": 2.6308307732338885, "rsi_1": 3.709869815114591, "sma_0": 8.89749690939047, "sma_1": 6.939447597611563, "ema_0": 9.17780993928511, "ema_1": 9.387357182970094, "ema_2": 9.548939554551405, "ema_3": 6.1579389958396265, "cci_0": 4.548495319050018, "cci_1": 4.569501186106946, "cci_2": 3.4795531985279258, "eom_0": 7.79207909001872, "eom_1": 2.836166520849625, "oc_gradient_0": 3.209153631130254}, "smoothing_factors": {"rsi_0": 2.2976895390435623, "rsi_1": 0, "sma_0": 1.0566344939769854, "sma_1": 1.8475605567599813, "ema_0": 1.7530139503801474, "ema_1": 2.471810846879192, "ema_2": 1.1750581946102234, "ema_3": 0.9181836103151008, "cci_0": 0, "cci_1": 0, "cci_2": 1.2410653532103098, "eom_0": 2.4809546492487486, "eom_1": 1.6639386027797585, "oc_gradient_0": 0.5239569247657487, "volume_0": 0.8901624277535336, "volatility_0": 1.6358972840350083}, "amplification_factor": {"volume_0": 2.495169771706553, "volatility_0": 1.2708609786758882}, "flip": {"rsi_0": true, "rsi_1": true, "sma_0": false, "sma_1": false, "ema_0": false, "ema_1": false, "ema_2": false, "ema_3": true, "cci_0": false, "cci_1": true, "cci_2": false, "eom_0": false, "eom_1": false, "oc_gradient_0": false, "volume_0": true, "volatility_0": true}, "major_spline_standard_upper_thresholds": 0.34532034211401097, "major_spline_standard_lower_thresholds": -0.6}, "indicator_properties": {"timeframes": {"rsi_0": 69, "rsi_1": 38, "sma_0_1": 2, "sma_0_2": 232, "sma_1_1": 18, "sma_1_2": 223, "ema_0_1": 63, "ema_0_2": 154, "ema_1_1": 50, "ema_1_2": 227, "ema_2_1": 51, "ema_2_2": 192, "ema_3_1": 42, "ema_3_2": 201, "cci_0": 193, "cci_1": 69, "cci_2": 200, "eom_0": 201, "eom_1": 9, "volatility_0": 36, "threshold_timeframe": 12}, "rsi_standard_upper_thresholds": {"rsi_0": 88, "rsi_1": 90}, "rsi_standard_lower_thresholds": {"rsi_0": 27, "rsi_1": 12}}, "general_settings": {"spline_interpolation_factor": 4, "threshold_setting": 2, "buffer_setting": 1, "include_triggers_in_bb_signal": {"rsi": true, "sma": false, "ema": false, "cci": false, "eom": false, "oc_gradient": false}, "rsi_buffer_setting": 0}}