{"indicators_count": {"rsi": 2, "sma": 2, "ema": 4, "lwma": 0, "cci": 3, "eom": 2, "oc_gradient": 1}, "spline_property": {"weights": {"rsi_0": 7.558073840478278, "rsi_1": 5.383425833890077, "sma_0": 9.376515722869149, "sma_1": 4.955829626244326, "ema_0": 4.618011034873911, "ema_1": 6.6404317438525196, "ema_2": 2.639250953689487, "ema_3": 2.3229235060123328, "cci_0": 7.592098002624916, "cci_1": 1.694570057335628, "cci_2": 2.7988617786410677, "eom_0": 3.178344471109863, "eom_1": 5.543808649571895, "oc_gradient_0": 2.3035392632340463}, "smoothing_factors": {"rsi_0": 0.44190976648187713, "rsi_1": 0.22040872017855578, "sma_0": 0.8910054176619422, "sma_1": 1.9193898142340273, "ema_0": 0, "ema_1": 1.5962767448926196, "ema_2": 1.44077647653044, "ema_3": 1.4074597792351276, "cci_0": 1.0904020688332503, "cci_1": 1.5695513452925334, "cci_2": 0.6853692103933393, "eom_0": 0.7336445787238959, "eom_1": 0.6325264348301056, "oc_gradient_0": 0.7089535007649306, "volume_0": 1.8567585670185416, "volatility_0": 0.7151098171209231}, "amplification_factor": {"volume_0": 2.7396348004636932, "volatility_0": 2.220677086014244}, "flip": {"rsi_0": false, "rsi_1": false, "sma_0": false, "sma_1": false, "ema_0": false, "ema_1": false, "ema_2": false, "ema_3": false, "cci_0": false, "cci_1": false, "cci_2": false, "eom_0": false, "eom_1": false, "oc_gradient_0": false, "volume_0": false, "volatility_0": false}, "major_spline_standard_upper_thresholds": 0.525062553393043, "major_spline_standard_lower_thresholds": -0.5594289416899754}, "indicator_properties": {"timeframes": {"rsi_0": 250, "rsi_1": 71, "sma_0_1": 24, "sma_0_2": 239, "sma_1_1": 55, "sma_1_2": 150, "ema_0_1": 33, "ema_0_2": 248, "ema_1_1": 36, "ema_1_2": 204, "ema_2_1": 63, "ema_2_2": 207, "ema_3_1": 56, "ema_3_2": 189, "cci_0": 237, "cci_1": 109, "cci_2": 77, "eom_0": 34, "eom_1": 142, "volatility_0": 144, "threshold_timeframe": 21}, "rsi_standard_upper_thresholds": {"rsi_0": 54, "rsi_1": 53}, "rsi_standard_lower_thresholds": {"rsi_0": 47, "rsi_1": 24}}, "general_settings": {"spline_interpolation_factor": 4, "threshold_setting": 2, "buffer_setting": 1, "include_triggers_in_bb_signal": {"rsi": true, "sma": false, "ema": false, "cci": false, "eom": false, "oc_gradient": false}, "rsi_buffer_setting": 0}}