{"indicators_count": {"rsi": 2, "sma": 2, "ema": 4, "lwma": 0, "cci": 3, "eom": 2, "oc_gradient": 1}, "spline_property": {"weights": {"rsi_0": 6.62550296376132, "rsi_1": 7.005042011433334, "sma_0": 1.8756315599198026, "sma_1": 8.339420887078301, "ema_0": 4.404305147802999, "ema_1": 3.4847382517764993, "ema_2": 0.7372692897625573, "ema_3": 0.7983339408303793, "cci_0": 7.681744039437112, "cci_1": 0.7971896419801243, "cci_2": 5.798402358050822, "eom_0": 0.7740533787857302, "eom_1": 9.921924203058555, "oc_gradient_0": 5.572961486836321}, "smoothing_factors": {"rsi_0": 0.7834948521325802, "rsi_1": 1.8383513788383679, "sma_0": 0.8465849339871525, "sma_1": 1.4239627011091487, "ema_0": 0, "ema_1": 0.8332347225326009, "ema_2": 0.18681566619261314, "ema_3": 1.6696723753220672, "cci_0": 0.19284982465674072, "cci_1": 0.21062843935887343, "cci_2": 0.6771090574043825, "eom_0": 0.6532881821243158, "eom_1": 0.11144313531535327, "oc_gradient_0": 2.6190949779495276, "volume_0": 0.5161152881910146, "volatility_0": 0.4266056319958884}, "amplification_factor": {"volume_0": 2.9777776942558543, "volatility_0": 0.24347106113066896}, "flip": {"rsi_0": false, "rsi_1": false, "sma_0": false, "sma_1": false, "ema_0": false, "ema_1": false, "ema_2": false, "ema_3": false, "cci_0": false, "cci_1": false, "cci_2": false, "eom_0": false, "eom_1": false, "oc_gradient_0": false, "volume_0": false, "volatility_0": false}, "major_spline_standard_upper_thresholds": 0.5992792080194216, "major_spline_standard_lower_thresholds": -0.5091574626972993}, "indicator_properties": {"timeframes": {"rsi_0": 217, "rsi_1": 242, "sma_0_1": 82, "sma_0_2": 235, "sma_1_1": 39, "sma_1_2": 233, "ema_0_1": 58, "ema_0_2": 208, "ema_1_1": 60, "ema_1_2": 229, "ema_2_1": 30, "ema_2_2": 223, "ema_3_1": 58, "ema_3_2": 193, "cci_0": 93, "cci_1": 183, "cci_2": 206, "eom_0": 154, "eom_1": 214, "volatility_0": 154, "threshold_timeframe": 23}, "rsi_standard_upper_thresholds": {"rsi_0": 77, "rsi_1": 57}, "rsi_standard_lower_thresholds": {"rsi_0": 38, "rsi_1": 10}}, "general_settings": {"spline_interpolation_factor": 4, "threshold_setting": 2, "buffer_setting": 1, "include_triggers_in_bb_signal": {"rsi": true, "sma": false, "ema": false, "cci": false, "eom": false, "oc_gradient": false}, "rsi_buffer_setting": 0}}