{"indicators_count": {"rsi": 2, "sma": 2, "ema": 4, "lwma": 0, "cci": 3, "eom": 2, "oc_gradient": 1}, "spline_property": {"weights": {"rsi_0": 0.8726319228421606, "rsi_1": 0.14964844597189375, "sma_0": 1.1659653728514308, "sma_1": 4.3523105458405285, "ema_0": 1.3604961725488498, "ema_1": 4.74274745212526, "ema_2": 0.8241613230880261, "ema_3": 2.367567106660639, "cci_0": 2.433272938060082, "cci_1": 8.388772914057332, "cci_2": 0.8504856650424679, "eom_0": 6.154187491320471, "eom_1": 9.610949051607973, "oc_gradient_0": 9.67097884042501}, "smoothing_factors": {"rsi_0": 0.7334364157279323, "rsi_1": 1.3095249831988267, "sma_0": 0.9054243894511198, "sma_1": 1.5193467524961388, "ema_0": 2.0467800562307708, "ema_1": 1.3136518305946407, "ema_2": 2.009689170859402, "ema_3": 0.8149062244196749, "cci_0": 1.3322525003052497, "cci_1": 0.1578783721370623, "cci_2": 1.655975142704717, "eom_0": 1.919182210254415, "eom_1": 1.9414667300278443, "oc_gradient_0": 0.7027199817889502, "volume_0": 2.2315329594056896, "volatility_0": 0.06783061554775915}, "amplification_factor": {"volume_0": 1.3024915505360266, "volatility_0": 0.29039468022111525}, "flip": {"rsi_0": true, "rsi_1": false, "sma_0": false, "sma_1": true, "ema_0": false, "ema_1": false, "ema_2": false, "ema_3": false, "cci_0": false, "cci_1": false, "cci_2": false, "eom_0": false, "eom_1": true, "oc_gradient_0": false, "volume_0": false, "volatility_0": true}, "major_spline_standard_upper_thresholds": 0.5511663829835843, "major_spline_standard_lower_thresholds": -0.42316121117056155}, "indicator_properties": {"timeframes": {"rsi_0": 235, "rsi_1": 120, "sma_0_1": 104, "sma_0_2": 154, "sma_1_1": 54, "sma_1_2": 227, "ema_0_1": 49, "ema_0_2": 196, "ema_1_1": 97, "ema_1_2": 222, "ema_2_1": 70, "ema_2_2": 241, "ema_3_1": 77, "ema_3_2": 180, "cci_0": 99, "cci_1": 105, "cci_2": 215, "eom_0": 200, "eom_1": 125, "volatility_0": 103, "threshold_timeframe": 21}, "rsi_standard_upper_thresholds": {"rsi_0": 73, "rsi_1": 73}, "rsi_standard_lower_thresholds": {"rsi_0": 42, "rsi_1": 10}}, "general_settings": {"spline_interpolation_factor": 4, "threshold_setting": 2, "buffer_setting": 1, "include_triggers_in_bb_signal": {"rsi": true, "sma": false, "ema": false, "cci": false, "eom": false, "oc_gradient": false}, "rsi_buffer_setting": 0}}