{"timeframes": {"rsi_1_timeframe": 24, "rsi_2_timeframe": 51, "rsi_3_timeframe": 76, "sma_1_timeframe_1": 43, "sma_2_timeframe_1": 68, "sma_3_timeframe_1": 10, "sma_1_timeframe_2": 44, "sma_2_timeframe_2": 93, "sma_3_timeframe_2": 22, "ema_1_timeframe_1": 37, "ema_2_timeframe_1": 46, "ema_3_timeframe_1": 8, "ema_1_timeframe_2": 6, "ema_2_timeframe_2": 80, "ema_3_timeframe_2": 89, "lwma_1_timeframe": 29, "lwma_2_timeframe": 14, "lwma_3_timeframe": 39, "volatility_timeframe": 82}, "rsi_standard_upper_thresholds": {"rsi_1_standard_upper_threshold": 90, "rsi_2_standard_upper_threshold": 86, "rsi_3_standard_upper_threshold": 56}, "rsi_standard_lower_thresholds": {"rsi_1_standard_lower_threshold": 34, "rsi_2_standard_lower_threshold": 29, "rsi_3_standard_lower_threshold": 44}, "smoothing_factors": {"rsi_1_spline_smoothing_factor": 1.6579467202574694, "rsi_2_spline_smoothing_factor": 1.6675314259587146, "rsi_3_spline_smoothing_factor": 0.37670105743093124, "sma_1_spline_smoothing_factor": 1.2030978201593965, "sma_2_spline_smoothing_factor": 1.862292427173232, "sma_3_spline_smoothing_factor": 1.189963002629826, "ema_1_spline_smoothing_factor": 0.32723579322644575, "ema_2_spline_smoothing_factor": 0.49967160041142966, "ema_3_spline_smoothing_factor": 2.0245167414189043, "lwma_1_spline_smoothing_factor": 1.5822238733199872, "lwma_2_spline_smoothing_factor": 2.0263912802137467, "lwma_3_spline_smoothing_factor": 1.2253744028388818, "oc_avg_gradient_spline_smoothing_factor": 0.9609486897679295, "volume_spline_smoothing_factor": 0.47068661337448203, "volatility_spline_smoothing_factor": 1.1960726559173105}, "amplification_factor": {"volume_amplification_factor": 0.7802011359273096, "volatility_amplification_factor": 1.4951509345571221}, "weights": {"rsi_1_spline_weight": 6.7793918417073185, "rsi_2_spline_weight": 1.3964888756113387, "rsi_3_spline_weight": 1.345899789859087, "sma_1_spline_weight": 8.223211004874125, "sma_2_spline_weight": 7.825643672048793, "sma_3_spline_weight": 4.440214815927518, "ema_1_spline_weight": 9.181217198556835, "ema_2_spline_weight": 1.5827918205363023, "ema_3_spline_weight": 3.5119742133454808, "lwma_1_spline_weight": 9.179672875574937, "lwma_2_spline_weight": 0.35327733569068387, "lwma_3_spline_weight": 3.2472638497449915, "oc_avg_gradient_spline_weight": 2.274067993840694}, "lwma_max_weights": {"lwma_1_max_weight": 50.78497367144169, "lwma_2_max_weight": 89.11919446082857, "lwma_3_max_weight": 39.82195369054277}, "major_spline_standard_upper_thresholds": {"major_spline_standard_upper_threshold": 0.3046577892920115}, "major_spline_standard_lower_thresholds": {"major_spline_standard_lower_threshold": -0.40876894420960974}}