{"timeframes": {"rsi_1_timeframe": 26, "rsi_2_timeframe": 26, "rsi_3_timeframe": 30, "sma_1_timeframe_1": 47, "sma_2_timeframe_1": 9, "sma_3_timeframe_1": 77, "sma_1_timeframe_2": 59, "sma_2_timeframe_2": 64, "sma_3_timeframe_2": 62, "ema_1_timeframe_1": 3, "ema_2_timeframe_1": 69, "ema_3_timeframe_1": 14, "ema_1_timeframe_2": 76, "ema_2_timeframe_2": 94, "ema_3_timeframe_2": 67, "lwma_1_timeframe": 87, "lwma_2_timeframe": 20, "lwma_3_timeframe": 32, "volatility_timeframe": 29}, "rsi_standard_upper_thresholds": {"rsi_1_standard_upper_threshold": 58, "rsi_2_standard_upper_threshold": 89, "rsi_3_standard_upper_threshold": 60}, "rsi_standard_lower_thresholds": {"rsi_1_standard_lower_threshold": 27, "rsi_2_standard_lower_threshold": 49, "rsi_3_standard_lower_threshold": 43}, "smoothing_factors": {"rsi_1_spline_smoothing_factor": 1.5621765891225203, "rsi_2_spline_smoothing_factor": 0.7083010862566823, "rsi_3_spline_smoothing_factor": 0.19583177549357966, "sma_1_spline_smoothing_factor": 0.8776340961338662, "sma_2_spline_smoothing_factor": 0.7687431466881686, "sma_3_spline_smoothing_factor": 0.1170949035299379, "ema_1_spline_smoothing_factor": 1.4122089289518198, "ema_2_spline_smoothing_factor": 0.8879879676619842, "ema_3_spline_smoothing_factor": 0.5028436550073931, "lwma_1_spline_smoothing_factor": 0.9902214867189543, "lwma_2_spline_smoothing_factor": 0.46545952350943653, "lwma_3_spline_smoothing_factor": 1.0854953066571489, "oc_avg_gradient_spline_smoothing_factor": 1.2397759861315776, "volume_spline_smoothing_factor": 2.065486214202717, "volatility_spline_smoothing_factor": 0.6260518062719732}, "amplification_factor": {"volume_amplification_factor": 2.1448287922537617, "volatility_amplification_factor": 0.4956410989727198}, "weights": {"rsi_1_spline_weight": 3.794653962022504, "rsi_2_spline_weight": 5.68216240525895, "rsi_3_spline_weight": 9.366935822601524, "sma_1_spline_weight": 2.168190448449998, "sma_2_spline_weight": 9.003566323525575, "sma_3_spline_weight": 6.212944496554478, "ema_1_spline_weight": 6.053340409485145, "ema_2_spline_weight": 1.0130541689034955, "ema_3_spline_weight": 4.016811128450533, "lwma_1_spline_weight": 6.871261611577642, "lwma_2_spline_weight": 1.5657490213682304, "lwma_3_spline_weight": 3.6819239433898914, "oc_avg_gradient_spline_weight": 5.383005807754538}, "lwma_max_weights": {"lwma_1_max_weight": 73.5514474273251, "lwma_2_max_weight": 39.23306708192217, "lwma_3_max_weight": 60.62342230449642}, "major_spline_standard_upper_thresholds": {"major_spline_standard_upper_threshold": 0.40257768299507224}, "major_spline_standard_lower_thresholds": {"major_spline_standard_lower_threshold": -0.3651177674112638}}