{"timeframes": {"rsi_1_timeframe": 47, "rsi_2_timeframe": 58, "rsi_3_timeframe": 90, "sma_1_timeframe_1": 57, "sma_2_timeframe_1": 4, "sma_3_timeframe_1": 13, "sma_1_timeframe_2": 59, "sma_2_timeframe_2": 89, "sma_3_timeframe_2": 62, "ema_1_timeframe_1": 71, "ema_2_timeframe_1": 67, "ema_3_timeframe_1": 56, "ema_1_timeframe_2": 47, "ema_2_timeframe_2": 55, "ema_3_timeframe_2": 57, "lwma_1_timeframe": 23, "lwma_2_timeframe": 10, "lwma_3_timeframe": 87, "volatility_timeframe": 17}, "rsi_standard_upper_thresholds": {"rsi_1_standard_upper_threshold": 77, "rsi_2_standard_upper_threshold": 82, "rsi_3_standard_upper_threshold": 64}, "rsi_standard_lower_thresholds": {"rsi_1_standard_lower_threshold": 21, "rsi_2_standard_lower_threshold": 16, "rsi_3_standard_lower_threshold": 14}, "smoothing_factors": {"rsi_1_spline_smoothing_factor": 0, "rsi_2_spline_smoothing_factor": 0.7654759415014261, "rsi_3_spline_smoothing_factor": 0.4431239157079786, "sma_1_spline_smoothing_factor": 0.4667082349353544, "sma_2_spline_smoothing_factor": 0.5670944314036246, "sma_3_spline_smoothing_factor": 1.0851911714015112, "ema_1_spline_smoothing_factor": 1.4277302068652504, "ema_2_spline_smoothing_factor": 0.7694161312408708, "ema_3_spline_smoothing_factor": 1.4700191444582353, "lwma_1_spline_smoothing_factor": 1.215995491959204, "lwma_2_spline_smoothing_factor": 1.1899457691666817, "lwma_3_spline_smoothing_factor": 0.05505675910093705, "oc_avg_gradient_spline_smoothing_factor": 2.06237361146976, "volume_spline_smoothing_factor": 0, "volatility_spline_smoothing_factor": 1.6686845598540436}, "amplification_factor": {"volume_amplification_factor": 2.42030620904088, "volatility_amplification_factor": 1.613414146501143}, "weights": {"rsi_1_spline_weight": 9.642063559983963, "rsi_2_spline_weight": 3.618405013517404, "rsi_3_spline_weight": 6.949841668857949, "sma_1_spline_weight": 10.047412585550287, "sma_2_spline_weight": 7.482281291624339, "sma_3_spline_weight": 5.507889561068249, "ema_1_spline_weight": 9.362452434690725, "ema_2_spline_weight": 0.0026540981465419146, "ema_3_spline_weight": 4.676405994418969, "lwma_1_spline_weight": 8.969377268203683, "lwma_2_spline_weight": 0.26866776729558667, "lwma_3_spline_weight": 4.722423810858365, "oc_avg_gradient_spline_weight": 4.163773628283918}, "lwma_max_weights": {"lwma_1_max_weight": 90.06761565169678, "lwma_2_max_weight": 5.576670942356339, "lwma_3_max_weight": 38.46039716972459}, "major_spline_standard_upper_thresholds": {"major_spline_standard_upper_threshold": 0.5137767974252433}, "major_spline_standard_lower_thresholds": {"major_spline_standard_lower_threshold": -0.5347216929028376}}