{"indicators_count": {"rsi": 2, "sma": 2, "ema": 4, "lwma": 0, "cci": 3, "eom": 2, "oc_gradient": 1}, "spline_property": {"weights": {"rsi_0": 8.459314849955119, "rsi_1": 2.9639369535995677, "sma_0": 4.380843717224866, "sma_1": 2.141460948370557, "ema_0": 7.826488208791186, "ema_1": 1.1181831753606442, "ema_2": 9.851602444160894, "ema_3": 8.636770561909021, "cci_0": 4.20549243245648, "cci_1": 3.669678535266981, "cci_2": 6.54141098282342, "eom_0": 5.618999319865821, "eom_1": 4.008499108553348, "oc_gradient_0": 9.318750978742273}, "smoothing_factors": {"rsi_0": 1.206264131626606, "rsi_1": 1.2355716028344264, "sma_0": 1.6609595123625513, "sma_1": 1.6837183475029898, "ema_0": 0.23917433572043412, "ema_1": 1.0982951459121484, "ema_2": 1.5226139932573397, "ema_3": 0.9365274329063968, "cci_0": 1.3707244262354727, "cci_1": 1.03408831293785, "cci_2": 1.3108459855258816, "eom_0": 1.0740390863615559, "eom_1": 0.6098147804308642, "oc_gradient_0": 1.428135398177775, "volume_0": 1.0636279737014935, "volatility_0": 0.8021367432037412}, "amplification_factor": {"volume_0": 2.081328655890724, "volatility_0": 0.9983664991861083}, "flip": {"rsi_0": false, "rsi_1": false, "sma_0": true, "sma_1": false, "ema_0": false, "ema_1": false, "ema_2": true, "ema_3": false, "cci_0": false, "cci_1": true, "cci_2": false, "eom_0": false, "eom_1": false, "oc_gradient_0": true, "volume_0": false, "volatility_0": false}, "major_spline_standard_upper_thresholds": 0.5031172356228341, "major_spline_standard_lower_thresholds": -0.5197322742855456}, "indicator_properties": {"timeframes": {"rsi_0": 74, "rsi_1": 75, "sma_0_1": 55, "sma_0_2": 180, "sma_1_1": 42, "sma_1_2": 224, "ema_0_1": 44, "ema_0_2": 165, "ema_1_1": 3, "ema_1_2": 181, "ema_2_1": 30, "ema_2_2": 221, "ema_3_1": 12, "ema_3_2": 245, "cci_0": 242, "cci_1": 153, "cci_2": 22, "eom_0": 206, "eom_1": 131, "volatility_0": 23, "threshold_timeframe": 19}, "rsi_standard_upper_thresholds": {"rsi_0": 59, "rsi_1": 62}, "rsi_standard_lower_thresholds": {"rsi_0": 34, "rsi_1": 25}}}