{"indicators_count": {"rsi": 2, "sma": 2, "ema": 2, "lwma": 0, "cci": 2, "eom": 2, "oc_gradient": 1}, "spline_property": {"weights": {"rsi_0": 0.6695905347582742, "rsi_1": 7.697588573881382, "sma_0": 7.9916870568067155, "sma_1": 4.815402031586885, "ema_0": 10.139601092648906, "ema_1": 5.027263756508786, "cci_0": 7.714808552019203, "cci_1": 1.281788594630453, "eom_0": 7.788306646518605, "eom_1": 9.82611661758771, "oc_gradient_0": 3.9852851540581167}, "smoothing_factors": {"rsi_0": 0.8514093510206113, "rsi_1": 0.22077887982814515, "sma_0": 1.8358787980081235, "sma_1": 0.9053454813763808, "ema_0": 1.8786653751391298, "ema_1": 2.540160930586108, "cci_0": 1.5912814428019766, "cci_1": 1.1866891402353463, "eom_0": 1.3458976344514595, "eom_1": 1.9294390274106574, "oc_gradient_0": 0.2613499116088869, "volume_0": 0.9756661488101179, "volatility_0": 1.4241646957532714}, "amplification_factor": {"volume_0": 2.70738356448961, "volatility_0": 2.9745822282060423}, "flip": {"rsi_0": true, "rsi_1": false, "sma_0": true, "sma_1": true, "ema_0": false, "ema_1": false, "cci_0": false, "cci_1": true, "eom_0": false, "eom_1": true, "oc_gradient_0": false, "volume_0": false, "volatility_0": true}, "major_spline_standard_upper_thresholds": 0.3110944201689575, "major_spline_standard_lower_thresholds": -0.4785100459639908}, "indicator_properties": {"timeframes": {"rsi_0": 72, "rsi_1": 10, "sma_0_1": 58, "sma_0_2": 80, "sma_1_1": 71, "sma_1_2": 35, "ema_0_1": 85, "ema_0_2": 35, "ema_1_1": 57, "ema_1_2": 78, "cci_0": 36, "cci_1": 93, "eom_0": 91, "eom_1": 51, "volatility_0": 4}, "rsi_standard_upper_thresholds": {"rsi_0": 75, "rsi_1": 85}, "rsi_standard_lower_thresholds": {"rsi_0": 39, "rsi_1": 41}}}