{"indicators_count": {"rsi": 2, "sma": 2, "ema": 2, "lwma": 0, "cci": 2, "evm": 0, "oc_gradient": 1}, "spline_property": {"weights": {"rsi_0": 8.213452672779486, "rsi_1": 10.80995106752316, "sma_0": 4.002662191084384, "sma_1": 4.332062551233321, "ema_0": 5.872079046598805, "ema_1": 6.965977448973342, "cci_0": 2.871424037588538, "cci_1": 7.300865835688631, "oc_gradient_0": 8.511531015442017}, "smoothing_factors": {"rsi_0": 1.8079807052841586, "rsi_1": 1.0619323434501546, "sma_0": 0.905626602896368, "sma_1": 1.5231377417849494, "ema_0": 1.0196782880329545, "ema_1": 0.1477291486252329, "cci_0": 0.27645626313997185, "cci_1": 1.9732322578076673, "oc_gradient_0": 0.20442450182144567, "volume_0": 0.9791620828556435, "volatility_0": 1.0960151181501137}, "amplification_factor": {"volume_0": 0.9353531904116438, "volatility_0": 2.2685659675610634}, "flip": {"rsi_0": false, "rsi_1": true, "sma_0": true, "sma_1": true, "ema_0": true, "ema_1": false, "cci_0": true, "cci_1": true, "oc_gradient_0": true, "volume_0": false, "volatility_0": true}, "major_spline_standard_upper_thresholds": 0.47175867833248863, "major_spline_standard_lower_thresholds": -0.3895051887542232}, "indicator_properties": {"timeframes": {"rsi_0": 88, "rsi_1": 2, "sma_0_1": 14, "sma_0_2": 74, "sma_1_1": 65, "sma_1_2": 65, "ema_0_1": 23, "ema_0_2": 65, "ema_1_1": 23, "ema_1_2": 53, "cci_0": 60, "cci_1": 64, "volatility_0": 28}, "rsi_standard_upper_thresholds": {"rsi_0": 81, "rsi_1": 55}, "rsi_standard_lower_thresholds": {"rsi_0": 22, "rsi_1": 24}}}