{"timeframes": {"rsi_1_timeframe": 67, "rsi_2_timeframe": 47, "rsi_3_timeframe": 19, "sma_1_timeframe_1": 67, "sma_2_timeframe_1": 35, "sma_3_timeframe_1": 45, "sma_1_timeframe_2": 14, "sma_2_timeframe_2": 78, "sma_3_timeframe_2": 18, "ema_1_timeframe_1": 11, "ema_2_timeframe_1": 55, "ema_3_timeframe_1": 55, "ema_1_timeframe_2": 79, "ema_2_timeframe_2": 99, "ema_3_timeframe_2": 90, "lwma_1_timeframe": 85, "lwma_2_timeframe": 48, "lwma_3_timeframe": 5, "volatility_timeframe": 9}, "rsi_standard_upper_thresholds": {"rsi_1_standard_upper_threshold": 71, "rsi_2_standard_upper_threshold": 62, "rsi_3_standard_upper_threshold": 66}, "rsi_standard_lower_thresholds": {"rsi_1_standard_lower_threshold": 15, "rsi_2_standard_lower_threshold": 38, "rsi_3_standard_lower_threshold": 13}, "smoothing_factors": {"rsi_1_spline_smoothing_factor": 1.6298916735137592, "rsi_2_spline_smoothing_factor": 2.526870894992915, "rsi_3_spline_smoothing_factor": 0.8376355281505218, "sma_1_spline_smoothing_factor": 0, "sma_2_spline_smoothing_factor": 1.861726918141323, "sma_3_spline_smoothing_factor": 1.6121737026919347, "ema_1_spline_smoothing_factor": 0.720905325629542, "ema_2_spline_smoothing_factor": 1.0125073011046488, "ema_3_spline_smoothing_factor": 0.867393615208007, "lwma_1_spline_smoothing_factor": 0.0578100203281523, "lwma_2_spline_smoothing_factor": 1.8206978657197068, "lwma_3_spline_smoothing_factor": 1.0694761322819926, "oc_avg_gradient_spline_smoothing_factor": 0.33913806968116544, "volume_spline_smoothing_factor": 1.3852959411586196, "volatility_spline_smoothing_factor": 1.6371242282442833}, "amplification_factor": {"volume_amplification_factor": 1.5510381760836345, "volatility_amplification_factor": 2.720040019652174}, "weights": {"rsi_1_spline_weight": 1.3346592841029614, "rsi_2_spline_weight": 0.2715985379417829, "rsi_3_spline_weight": 9.497076293477019, "sma_1_spline_weight": 2.014790315867243, "sma_2_spline_weight": 1.7787835774570135, "sma_3_spline_weight": 1.5771981999968832, "ema_1_spline_weight": 4.415775925505372, "ema_2_spline_weight": 7.2122573212996555, "ema_3_spline_weight": 8.347269139477124, "lwma_1_spline_weight": 4.094056548198143, "lwma_2_spline_weight": 9.528467630662, "lwma_3_spline_weight": 8.347269139477124, "oc_avg_gradient_spline_weight": 9.439976381693338}, "lwma_max_weights": {"lwma_1_max_weight": 49.45676147136819, "lwma_2_max_weight": 1, "lwma_3_max_weight": 10.88722718382083}, "major_spline_standard_upper_thresholds": {"major_spline_standard_upper_threshold": 0.6}, "major_spline_standard_lower_thresholds": {"major_spline_standard_lower_threshold": -0.5882058569186499}}