{"indicators_count": {"rsi": 2, "sma": 2, "ema": 2, "lwma": 0, "cci": 2, "eom": 2, "oc_gradient": 1}, "spline_property": {"weights": {"rsi_0": 1.564429072972342, "rsi_1": 6.254886884459575, "sma_0": 5.681860281166077, "sma_1": 2.724987240542121, "ema_0": 4.6801108346795, "ema_1": 7.536850030874471, "cci_0": 0.27279903810292105, "cci_1": 4.167165113795326, "eom_0": 8.317632139977704, "eom_1": 6.42723506716797, "oc_gradient_0": 0.8646354309230206}, "smoothing_factors": {"rsi_0": 1.3138432009881276, "rsi_1": 1.654854581726289, "sma_0": 0.39077936073936637, "sma_1": 1.9564267607773067, "ema_0": 0.5561424190782871, "ema_1": 1.6764693222224976, "cci_0": 1.2545829706759024, "cci_1": 1.8601923154177586, "eom_0": 0.5997334961332577, "eom_1": 1.1642638525349096, "oc_gradient_0": 0.785547118292486, "volume_0": 0.4870677473550511, "volatility_0": 0.4148141881995222}, "amplification_factor": {"volume_0": 1.0323307393743244, "volatility_0": 0.4181227117562313}, "flip": {"rsi_0": false, "rsi_1": false, "sma_0": true, "sma_1": false, "ema_0": false, "ema_1": false, "cci_0": false, "cci_1": false, "eom_0": false, "eom_1": true, "oc_gradient_0": false, "volume_0": true, "volatility_0": true}, "major_spline_standard_upper_thresholds": 0.4927805494725878, "major_spline_standard_lower_thresholds": -0.4858408709386448}, "indicator_properties": {"timeframes": {"rsi_0": 82, "rsi_1": 39, "sma_0_1": 76, "sma_0_2": 24, "sma_1_1": 98, "sma_1_2": 33, "ema_0_1": 42, "ema_0_2": 100, "ema_1_1": 94, "ema_1_2": 53, "cci_0": 72, "cci_1": 61, "eom_0": 40, "eom_1": 50, "volatility_0": 48}, "rsi_standard_upper_thresholds": {"rsi_0": 52, "rsi_1": 81}, "rsi_standard_lower_thresholds": {"rsi_0": 12, "rsi_1": 41}}}