{"indicators_count": {"rsi": 2, "sma": 2, "ema": 2, "lwma": 0, "cci": 2, "eom": 2, "oc_gradient": 1}, "spline_property": {"weights": {"rsi_0": 9.139782888225099, "rsi_1": 0.6970352385849052, "sma_0": 4.609028889485504, "sma_1": 2.7137783205560573, "ema_0": 0.566093510187804, "ema_1": 8.162742285342011, "cci_0": 0.5442645924617784, "cci_1": 4.988586184605658, "eom_0": 7.595678915076931, "eom_1": 9.834486205432993, "oc_gradient_0": 4.25053932988417}, "smoothing_factors": {"rsi_0": 1.5472821103148433, "rsi_1": 0.7155507857259693, "sma_0": 0.8413566812369342, "sma_1": 1.013676597022226, "ema_0": 1.372676235153622, "ema_1": 1.1057887028600748, "cci_0": 1.7393131856076856, "cci_1": 1.8051734138027888, "eom_0": 1.1564869135468303, "eom_1": 1.4328148539497583, "oc_gradient_0": 0.46275597633364596, "volume_0": 1.2766979021149398, "volatility_0": 1.1317054462950282}, "amplification_factor": {"volume_0": 2.4482561040628124, "volatility_0": 1.7956153156673582}, "flip": {"rsi_0": false, "rsi_1": false, "sma_0": false, "sma_1": false, "ema_0": true, "ema_1": false, "cci_0": false, "cci_1": false, "eom_0": false, "eom_1": false, "oc_gradient_0": false, "volume_0": false, "volatility_0": false}, "major_spline_standard_upper_thresholds": 0.3269784089383445, "major_spline_standard_lower_thresholds": -0.4940131556987122}, "indicator_properties": {"timeframes": {"rsi_0": 134, "rsi_1": 110, "sma_0_1": 64, "sma_0_2": 211, "sma_1_1": 73, "sma_1_2": 243, "ema_0_1": 11, "ema_0_2": 199, "ema_1_1": 15, "ema_1_2": 181, "cci_0": 60, "cci_1": 236, "eom_0": 101, "eom_1": 40, "volatility_0": 53}, "rsi_standard_upper_thresholds": {"rsi_0": 55, "rsi_1": 56}, "rsi_standard_lower_thresholds": {"rsi_0": 26, "rsi_1": 18}}}