{"indicators_count": {"rsi": 3, "sma": 3, "ema": 3, "lwma": 0, "cci": 0, "evm": 0, "oc_gradient": 1}, "spline_property": {"weights": {"rsi_0": 1.4537332641919332, "rsi_1": 3.356328776815233, "rsi_2": 0.9980609302926002, "sma_0": 2.836494681811592, "sma_1": 1.6016103876175491, "sma_2": 0.24415870828998432, "ema_0": 4.223294691246996, "ema_1": 2.5774307737780022, "ema_2": 4.235131511434292, "oc_gradient_0": 0.23294774358781578}, "smoothing_factors": {"rsi_0": 1.1247204649780873, "rsi_1": 1.9342934894321742, "rsi_2": 0.6096883572758414, "sma_0": 0.6935039970556551, "sma_1": 0.35207619399508294, "sma_2": 1.7845699178727732, "ema_0": 0.9628544058558777, "ema_1": 1.7134470182106403, "ema_2": 0.18841551673153312, "oc_gradient_0": 1.239868030267181, "volume_0": 0.5471403093453815, "volatility_0": 1.4136639724267384}, "amplification_factor": {"volume_0": 2.4672318136623623, "volatility_0": 1.2399157890304757}, "flip": {"rsi_0": true, "rsi_1": false, "rsi_2": false, "sma_0": true, "sma_1": true, "sma_2": false, "ema_0": false, "ema_1": false, "ema_2": false, "oc_gradient_0": true, "volume_0": false, "volatility_0": false}, "major_spline_standard_upper_thresholds": 0.5286553695200846, "major_spline_standard_lower_thresholds": -0.373383276290699}, "indicator_properties": {"timeframes": {"rsi_0": 14, "rsi_1": 43, "rsi_2": 29, "sma_0_1": 57, "sma_0_2": 81, "sma_1_1": 48, "sma_1_2": 75, "sma_2_1": 92, "sma_2_2": 47, "ema_0_1": 49, "ema_0_2": 61, "ema_1_1": 29, "ema_1_2": 8, "ema_2_1": 46, "ema_2_2": 58, "volatility_0": 40}, "rsi_standard_upper_thresholds": {"rsi_0": 64, "rsi_1": 67, "rsi_2": 84}, "rsi_standard_lower_thresholds": {"rsi_0": 39, "rsi_1": 14, "rsi_2": 12}}}