{"timeframes": {"rsi_1_timeframe": 95, "rsi_2_timeframe": 14, "rsi_3_timeframe": 63, "sma_1_timeframe_1": 35, "sma_2_timeframe_1": 47, "sma_3_timeframe_1": 25, "sma_1_timeframe_2": 15, "sma_2_timeframe_2": 94, "sma_3_timeframe_2": 17, "ema_1_timeframe_1": 98, "ema_2_timeframe_1": 5, "ema_3_timeframe_1": 96, "ema_1_timeframe_2": 30, "ema_2_timeframe_2": 95, "ema_3_timeframe_2": 43, "lwma_1_timeframe": 77, "lwma_2_timeframe": 24, "lwma_3_timeframe": 91, "volatility_timeframe": 23}, "rsi_standard_upper_thresholds": {"rsi_1_standard_upper_threshold": 67, "rsi_2_standard_upper_threshold": 52, "rsi_3_standard_upper_threshold": 70}, "rsi_standard_lower_thresholds": {"rsi_1_standard_lower_threshold": 37, "rsi_2_standard_lower_threshold": 15, "rsi_3_standard_lower_threshold": 30}, "smoothing_factors": {"rsi_1_spline_smoothing_factor": 1.3995463911135673, "rsi_2_spline_smoothing_factor": 1.286211454063286, "rsi_3_spline_smoothing_factor": 0.0009705092141397559, "sma_1_spline_smoothing_factor": 0.7139695141891198, "sma_2_spline_smoothing_factor": 0.6346652047756828, "sma_3_spline_smoothing_factor": 0.9402351303561085, "ema_1_spline_smoothing_factor": 1.3240587232575771, "ema_2_spline_smoothing_factor": 1.0153195852028154, "ema_3_spline_smoothing_factor": 0.4101129342215657, "lwma_1_spline_smoothing_factor": 1.119512472457194, "lwma_2_spline_smoothing_factor": 1.1113824300306554, "lwma_3_spline_smoothing_factor": 0.3094332169496976, "oc_avg_gradient_spline_smoothing_factor": 0.19192730819111448, "volume_spline_smoothing_factor": 1.7969839159703458, "volatility_spline_smoothing_factor": 1.1967406262557467}, "amplification_factor": {"volume_amplification_factor": 1.589893766577861, "volatility_amplification_factor": 1.874551309270134}, "weights": {"rsi_1_spline_weight": 5.203097417597257, "rsi_2_spline_weight": 4.331458412633752, "rsi_3_spline_weight": 9.070536440236063, "sma_1_spline_weight": 2.2971170532144423, "sma_2_spline_weight": 3.5725028529325344, "sma_3_spline_weight": 8.585286459961956, "ema_1_spline_weight": 8.249295070681647, "ema_2_spline_weight": 1.3952767817947471, "ema_3_spline_weight": 6.428032163619152, "lwma_1_spline_weight": 6.644017060609723, "lwma_2_spline_weight": 1.651507303188107, "lwma_3_spline_weight": 5.390239308342199, "oc_avg_gradient_spline_weight": 2.6396454763284893}, "lwma_max_weights": {"lwma_1_max_weight": 77.16972998400567, "lwma_2_max_weight": 10.573313931265343, "lwma_3_max_weight": 10.553366520514437}, "major_spline_standard_upper_thresholds": {"major_spline_standard_upper_threshold": 0.5686359829528899}, "major_spline_standard_lower_thresholds": {"major_spline_standard_lower_threshold": -0.36278354504531374}}