{"indicators_count": {"rsi": 2, "sma": 2, "ema": 4, "lwma": 0, "cci": 3, "eom": 2, "oc_gradient": 1}, "spline_property": {"weights": {"rsi_0": 4.508003153290147, "rsi_1": 9.852476552425074, "sma_0": 3.49620644044132, "sma_1": 7.613588488539057, "ema_0": 3.0162298056789494, "ema_1": 8.154055059255851, "ema_2": 0.28566189537786557, "ema_3": 1.071460893213447, "cci_0": 8.714457918248144, "cci_1": 4.862170464753969, "cci_2": 5.975286673259896, "eom_0": 4.605998821523216, "eom_1": 9.919441302920504, "oc_gradient_0": 1.8073514454304982}, "smoothing_factors": {"rsi_0": 0.13327621562440317, "rsi_1": 0.18109648069041828, "sma_0": 0.304923899415275, "sma_1": 1.784323215125698, "ema_0": 1.5465890543740146, "ema_1": 0.20624892761279967, "ema_2": 2.4709875179542515, "ema_3": 1.8781090689237652, "cci_0": 1.1178811892757454, "cci_1": 0.3302143346223716, "cci_2": 0.4055293054083342, "eom_0": 1.2801919038874379, "eom_1": 0.5898435097675829, "oc_gradient_0": 1.0587451841951347, "volume_0": 0.4551284385932972, "volatility_0": 0.36088686443428664}, "amplification_factor": {"volume_0": 1.2675741992216163, "volatility_0": 0.7649572777795024}, "flip": {"rsi_0": false, "rsi_1": false, "sma_0": false, "sma_1": true, "ema_0": false, "ema_1": true, "ema_2": false, "ema_3": false, "cci_0": false, "cci_1": false, "cci_2": false, "eom_0": false, "eom_1": false, "oc_gradient_0": true, "volume_0": false, "volatility_0": false}, "major_spline_standard_upper_thresholds": 0.5863375397038941, "major_spline_standard_lower_thresholds": -0.5784405508592143}, "indicator_properties": {"timeframes": {"rsi_0": 74, "rsi_1": 194, "sma_0_1": 82, "sma_0_2": 244, "sma_1_1": 77, "sma_1_2": 169, "ema_0_1": 41, "ema_0_2": 172, "ema_1_1": 7, "ema_1_2": 210, "ema_2_1": 63, "ema_2_2": 189, "ema_3_1": 15, "ema_3_2": 247, "cci_0": 246, "cci_1": 146, "cci_2": 150, "eom_0": 61, "eom_1": 129, "volatility_0": 197, "threshold_timeframe": 19}, "rsi_standard_upper_thresholds": {"rsi_0": 60, "rsi_1": 56}, "rsi_standard_lower_thresholds": {"rsi_0": 18, "rsi_1": 22}}}