{"indicators_count": {"rsi": 2, "sma": 2, "ema": 2, "lwma": 0, "cci": 2, "eom": 2, "oc_gradient": 1}, "spline_property": {"weights": {"rsi_0": 1.5096753625464354, "rsi_1": 3.9323304920254243, "sma_0": 8.582242165585175, "sma_1": 2.0188918029663827, "ema_0": 2.9542423249263794, "ema_1": 2.134008219464002, "cci_0": 2.7533014493125227, "cci_1": 9.632548909403791, "eom_0": 7.946872212248285, "eom_1": 7.454616255771019, "oc_gradient_0": 3.171270253600207}, "smoothing_factors": {"rsi_0": 0.09724915012495106, "rsi_1": 0, "sma_0": 0.36838491101481996, "sma_1": 0.8658424651911423, "ema_0": 0.6169962651917265, "ema_1": 1.4895417093494898, "cci_0": 1.7411196873935224, "cci_1": 0.6085879039099016, "eom_0": 1.7148094354777488, "eom_1": 0.8186860286506215, "oc_gradient_0": 0.13382381582547875, "volume_0": 1.6507948303380242, "volatility_0": 1.2496461846431706}, "amplification_factor": {"volume_0": 0.5208937133624554, "volatility_0": 0.4353050404726969}, "flip": {"rsi_0": false, "rsi_1": true, "sma_0": false, "sma_1": false, "ema_0": false, "ema_1": false, "cci_0": true, "cci_1": true, "eom_0": false, "eom_1": false, "oc_gradient_0": false, "volume_0": false, "volatility_0": true}, "major_spline_standard_upper_thresholds": 0.5448855652337977, "major_spline_standard_lower_thresholds": -0.35129988110322946}, "indicator_properties": {"timeframes": {"rsi_0": 65, "rsi_1": 78, "sma_0_1": 67, "sma_0_2": 58, "sma_1_1": 7, "sma_1_2": 17, "ema_0_1": 66, "ema_0_2": 7, "ema_1_1": 94, "ema_1_2": 61, "cci_0": 72, "cci_1": 83, "eom_0": 31, "eom_1": 82, "volatility_0": 39}, "rsi_standard_upper_thresholds": {"rsi_0": 62, "rsi_1": 84}, "rsi_standard_lower_thresholds": {"rsi_0": 47, "rsi_1": 15}}}