{"timeframes": {"rsi_1_timeframe": 69, "rsi_2_timeframe": 45, "rsi_3_timeframe": 57, "sma_1_timeframe_1": 96, "sma_2_timeframe_1": 70, "sma_3_timeframe_1": 21, "sma_1_timeframe_2": 75, "sma_2_timeframe_2": 64, "sma_3_timeframe_2": 93, "ema_1_timeframe_1": 20, "ema_2_timeframe_1": 81, "ema_3_timeframe_1": 97, "ema_1_timeframe_2": 75, "ema_2_timeframe_2": 18, "ema_3_timeframe_2": 12, "lwma_1_timeframe": 61, "lwma_2_timeframe": 59, "lwma_3_timeframe": 63, "volatility_timeframe": 48}, "rsi_standard_upper_thresholds": {"rsi_1_standard_upper_threshold": 75, "rsi_2_standard_upper_threshold": 67, "rsi_3_standard_upper_threshold": 90}, "rsi_standard_lower_thresholds": {"rsi_1_standard_lower_threshold": 22, "rsi_2_standard_lower_threshold": 43, "rsi_3_standard_lower_threshold": 42}, "smoothing_factors": {"rsi_1_spline_smoothing_factor": 1.4047333268961855, "rsi_2_spline_smoothing_factor": 1.1921201925304081, "rsi_3_spline_smoothing_factor": 0.7047295850003403, "sma_1_spline_smoothing_factor": 0.4955093868582361, "sma_2_spline_smoothing_factor": 1.6174249847886306, "sma_3_spline_smoothing_factor": 1.6156823827893452, "ema_1_spline_smoothing_factor": 1.4744611314409712, "ema_2_spline_smoothing_factor": 0.7846883239613105, "ema_3_spline_smoothing_factor": 0.27028159824917464, "lwma_1_spline_smoothing_factor": 1.4376638065368492, "lwma_2_spline_smoothing_factor": 1.9772768630663076, "lwma_3_spline_smoothing_factor": 1.8116951125880405, "oc_avg_gradient_spline_smoothing_factor": 0.03184042290776734, "volume_spline_smoothing_factor": 0.9132218471926326, "volatility_spline_smoothing_factor": 0.5431954056187458}, "amplification_factor": {"volume_amplification_factor": 1.4202684258735032, "volatility_amplification_factor": 2.5868079845731446}, "weights": {"rsi_1_spline_weight": 2.488718297099224, "rsi_2_spline_weight": 4.014338458193522, "rsi_3_spline_weight": 7.382435615088287, "sma_1_spline_weight": 0.1020009993728288, "sma_2_spline_weight": 4.66230187858603, "sma_3_spline_weight": 2.245094382532945, "ema_1_spline_weight": 5.921882110741848, "ema_2_spline_weight": 4.460753825906092, "ema_3_spline_weight": 3.692647682353156, "lwma_1_spline_weight": 5.921882110741848, "lwma_2_spline_weight": 4.463394252320288, "lwma_3_spline_weight": 3.692647682353156, "oc_avg_gradient_spline_weight": 8.635792429850778}, "lwma_max_weights": {"lwma_1_max_weight": 8, "lwma_2_max_weight": 89.90438880312391, "lwma_3_max_weight": 59}, "major_spline_standard_upper_thresholds": {"major_spline_standard_upper_threshold": 0.35150503548153017}, "major_spline_standard_lower_thresholds": {"major_spline_standard_lower_threshold": -0.4850419213672099}}