{"indicators_count": {"rsi": 2, "sma": 2, "ema": 2, "lwma": 0, "cci": 2, "eom": 2, "oc_gradient": 1}, "spline_property": {"weights": {"rsi_0": 1.110250597082002, "rsi_1": 8.948310339489753, "sma_0": 9.617063559041823, "sma_1": 7.763617584388052, "ema_0": 0.009676195392558373, "ema_1": 9.857106991524308, "cci_0": 6.13748054943146, "cci_1": 8.846484259251868, "eom_0": 4.820213894363614, "eom_1": 5.474854963836861, "oc_gradient_0": 5.156437554930955}, "smoothing_factors": {"rsi_0": 1.1625451611593263, "rsi_1": 1.8642873998822131, "sma_0": 0.7041451550516558, "sma_1": 0.004104472253797509, "ema_0": 0.5802723316798644, "ema_1": 0.2270668030519447, "cci_0": 1.1164283341532593, "cci_1": 0.3756031593426017, "eom_0": 0.8618871770802461, "eom_1": 0.27419807904662874, "oc_gradient_0": 1.442987939123408, "volume_0": 1.1410440295035642, "volatility_0": 0.27142748663400096}, "amplification_factor": {"volume_0": 0.22206924314058452, "volatility_0": 0.9201951011104542}, "flip": {"rsi_0": false, "rsi_1": false, "sma_0": false, "sma_1": false, "ema_0": false, "ema_1": false, "cci_0": false, "cci_1": false, "eom_0": false, "eom_1": false, "oc_gradient_0": false, "volume_0": false, "volatility_0": false}, "major_spline_standard_upper_thresholds": 0.43764725996677767, "major_spline_standard_lower_thresholds": -0.30038579446666}, "indicator_properties": {"timeframes": {"rsi_0": 38, "rsi_1": 184, "sma_0_1": 89, "sma_0_2": 203, "sma_1_1": 86, "sma_1_2": 220, "ema_0_1": 80, "ema_0_2": 197, "ema_1_1": 92, "ema_1_2": 202, "cci_0": 37, "cci_1": 188, "eom_0": 19, "eom_1": 217, "volatility_0": 240}, "rsi_standard_upper_thresholds": {"rsi_0": 89, "rsi_1": 60}, "rsi_standard_lower_thresholds": {"rsi_0": 27, "rsi_1": 14}}}