{"indicators_count": {"rsi": 2, "sma": 2, "ema": 4, "lwma": 0, "cci": 3, "eom": 2, "oc_gradient": 1}, "spline_property": {"weights": {"rsi_0": 4.369969845491815, "rsi_1": 8.73503502557965, "sma_0": 9.544879946731161, "sma_1": 0.9871627848912023, "ema_0": 9.142628335790894, "ema_1": 5.0498266817027995, "ema_2": 4.2602930480507695, "ema_3": 3.5657188154927475, "cci_0": 0.6356100687834942, "cci_1": 5.452327867988675, "cci_2": 5.29780629291653, "eom_0": 7.5442504185857215, "eom_1": 0.3695835966092975, "oc_gradient_0": 8.140442132704512}, "smoothing_factors": {"rsi_0": 0.7847374105318384, "rsi_1": 0.3234427160899753, "sma_0": 1.0582237271666297, "sma_1": 0.3245235490657138, "ema_0": 0.6815002456077608, "ema_1": 0.0851648767025528, "ema_2": 1.3741426528307097, "ema_3": 0.1768830813441855, "cci_0": 0.5148174095514289, "cci_1": 0.05552348677821867, "cci_2": 1.3638780897271323, "eom_0": 1.6719820475751155, "eom_1": 1.6574531598025908, "oc_gradient_0": 2.345736638429935, "volume_0": 0.9561253514751372, "volatility_0": 1.7411940155671488}, "amplification_factor": {"volume_0": 2.1978066779797514, "volatility_0": 2.707854157755107}, "flip": {"rsi_0": false, "rsi_1": false, "sma_0": false, "sma_1": false, "ema_0": false, "ema_1": false, "ema_2": false, "ema_3": false, "cci_0": false, "cci_1": false, "cci_2": false, "eom_0": false, "eom_1": false, "oc_gradient_0": false, "volume_0": false, "volatility_0": false}, "major_spline_standard_upper_thresholds": 0.38326015356326926, "major_spline_standard_lower_thresholds": -0.5178698913261375}, "indicator_properties": {"timeframes": {"rsi_0": 126, "rsi_1": 94, "sma_0_1": 37, "sma_0_2": 187, "sma_1_1": 91, "sma_1_2": 174, "ema_0_1": 57, "ema_0_2": 220, "ema_1_1": 33, "ema_1_2": 248, "ema_2_1": 57, "ema_2_2": 247, "ema_3_1": 51, "ema_3_2": 179, "cci_0": 74, "cci_1": 237, "cci_2": 55, "eom_0": 13, "eom_1": 29, "volatility_0": 196, "threshold_timeframe": 20}, "rsi_standard_upper_thresholds": {"rsi_0": 51, "rsi_1": 65}, "rsi_standard_lower_thresholds": {"rsi_0": 46, "rsi_1": 10}}}