{"indicators_count": {"rsi": 2, "sma": 2, "ema": 2, "lwma": 0, "cci": 2, "eom": 2, "oc_gradient": 1}, "spline_property": {"weights": {"rsi_0": 1.3259938717870956, "rsi_1": 6.176052799591112, "sma_0": 7.583355488908423, "sma_1": 6.590757763931717, "ema_0": 2.0603141700336858, "ema_1": 1.726305429078433, "cci_0": 1.2543449775878135, "cci_1": 5.4310815985653615, "eom_0": 4.021630492604427, "eom_1": 1.6094328207839292, "oc_gradient_0": 9.483760593398202}, "smoothing_factors": {"rsi_0": 1.8984025253001178, "rsi_1": 0.2305857805688556, "sma_0": 1.1104455430123064, "sma_1": 0.5690689563893083, "ema_0": 1.0976716270734301, "ema_1": 1.4722882284417926, "cci_0": 0.6317392949745517, "cci_1": 1.2775686223732008, "eom_0": 0.12019260427982603, "eom_1": 0.3157913819814142, "oc_gradient_0": 1.075597035061832, "volume_0": 1.7701448717568935, "volatility_0": 1.821745697544242}, "amplification_factor": {"volume_0": 2.0621227245363314, "volatility_0": 1.389579394180965}, "flip": {"rsi_0": false, "rsi_1": false, "sma_0": false, "sma_1": false, "ema_0": false, "ema_1": false, "cci_0": false, "cci_1": false, "eom_0": false, "eom_1": false, "oc_gradient_0": false, "volume_0": false, "volatility_0": false}, "major_spline_standard_upper_thresholds": 0.3610029102517971, "major_spline_standard_lower_thresholds": -0.4015158265176286}, "indicator_properties": {"timeframes": {"rsi_0": 17, "rsi_1": 188, "sma_0_1": 49, "sma_0_2": 176, "sma_1_1": 36, "sma_1_2": 232, "ema_0_1": 86, "ema_0_2": 152, "ema_1_1": 37, "ema_1_2": 243, "cci_0": 79, "cci_1": 112, "eom_0": 100, "eom_1": 103, "volatility_0": 81}, "rsi_standard_upper_thresholds": {"rsi_0": 70, "rsi_1": 74}, "rsi_standard_lower_thresholds": {"rsi_0": 44, "rsi_1": 14}}}