{"timeframes": {"rsi_1_timeframe": 15, "rsi_2_timeframe": 49, "rsi_3_timeframe": 83, "sma_1_timeframe_1": 59, "sma_2_timeframe_1": 31, "sma_3_timeframe_1": 2, "sma_1_timeframe_2": 68, "sma_2_timeframe_2": 15, "sma_3_timeframe_2": 7, "ema_1_timeframe_1": 78, "ema_2_timeframe_1": 29, "ema_3_timeframe_1": 97, "ema_1_timeframe_2": 4, "ema_2_timeframe_2": 98, "ema_3_timeframe_2": 65, "lwma_1_timeframe": 50, "lwma_2_timeframe": 54, "lwma_3_timeframe": 12, "volatility_timeframe": 23}, "rsi_standard_upper_thresholds": {"rsi_1_standard_upper_threshold": 52, "rsi_2_standard_upper_threshold": 73, "rsi_3_standard_upper_threshold": 69}, "rsi_standard_lower_thresholds": {"rsi_1_standard_lower_threshold": 15, "rsi_2_standard_lower_threshold": 26, "rsi_3_standard_lower_threshold": 48}, "smoothing_factors": {"rsi_1_spline_smoothing_factor": 0.1253129706290314, "rsi_2_spline_smoothing_factor": 1.4486105193275551, "rsi_3_spline_smoothing_factor": 0.7556886464784702, "sma_1_spline_smoothing_factor": 1.3532275553957074, "sma_2_spline_smoothing_factor": 1.3285687538933628, "sma_3_spline_smoothing_factor": 0.7411714822335397, "ema_1_spline_smoothing_factor": 0.7301987068180531, "ema_2_spline_smoothing_factor": 0.8259824178339094, "ema_3_spline_smoothing_factor": 1.7231857621699305, "lwma_1_spline_smoothing_factor": 1.5355276076659232, "lwma_2_spline_smoothing_factor": 1.8013490723998105, "lwma_3_spline_smoothing_factor": 1.24238548626526, "oc_avg_gradient_spline_smoothing_factor": 2.0212169743220203, "volume_spline_smoothing_factor": 0.49208914862800124, "volatility_spline_smoothing_factor": 0.0524663869173859}, "amplification_factor": {"volume_amplification_factor": 0.5510075952400748, "volatility_amplification_factor": 2.12797195779411}, "weights": {"rsi_1_spline_weight": 2.4330934108892976, "rsi_2_spline_weight": 2.6248648139694617, "rsi_3_spline_weight": 2.3287941313330762, "sma_1_spline_weight": 1.6922318150285012, "sma_2_spline_weight": 8.398392349180755, "sma_3_spline_weight": 2.9167956393590653, "ema_1_spline_weight": 4.166195876560855, "ema_2_spline_weight": 4.921121029272359, "ema_3_spline_weight": 7.854719631996152, "lwma_1_spline_weight": 4.389067067925789, "lwma_2_spline_weight": 5.221080496166776, "lwma_3_spline_weight": 7.811705238520492, "oc_avg_gradient_spline_weight": 3.965608512901322}, "lwma_max_weights": {"lwma_1_max_weight": 20.022042200823012, "lwma_2_max_weight": 50.68083842029687, "lwma_3_max_weight": 75.16387930635808}, "major_spline_standard_upper_thresholds": {"major_spline_standard_upper_threshold": 0.5205731863167031}, "major_spline_standard_lower_thresholds": {"major_spline_standard_lower_threshold": -0.5557372885299152}}