{"timeframes": {"rsi_1_timeframe": 35, "rsi_2_timeframe": 93, "rsi_3_timeframe": 81, "sma_1_timeframe_1": 71, "sma_2_timeframe_1": 75, "sma_3_timeframe_1": 63, "sma_1_timeframe_2": 6, "sma_2_timeframe_2": 13, "sma_3_timeframe_2": 101, "ema_1_timeframe_1": 22, "ema_2_timeframe_1": 76, "ema_3_timeframe_1": 39, "ema_1_timeframe_2": 16, "ema_2_timeframe_2": 68, "ema_3_timeframe_2": 82, "lwma_1_timeframe": 72, "lwma_2_timeframe": 26, "lwma_3_timeframe": 27, "volatility_timeframe": 82}, "rsi_standard_upper_thresholds": {"rsi_1_standard_upper_threshold": 72, "rsi_2_standard_upper_threshold": 53, "rsi_3_standard_upper_threshold": 89}, "rsi_standard_lower_thresholds": {"rsi_1_standard_lower_threshold": 26, "rsi_2_standard_lower_threshold": 34, "rsi_3_standard_lower_threshold": 11}, "smoothing_factors": {"rsi_1_spline_smoothing_factor": 1.2142751249626826, "rsi_2_spline_smoothing_factor": 0.41376929968879833, "rsi_3_spline_smoothing_factor": 1.5853536780433848, "sma_1_spline_smoothing_factor": 0.11228059253219778, "sma_2_spline_smoothing_factor": 1.112973698688618, "sma_3_spline_smoothing_factor": 0.23168814669823612, "ema_1_spline_smoothing_factor": 0.8858628652653036, "ema_2_spline_smoothing_factor": 0.2076982735518715, "ema_3_spline_smoothing_factor": 0.21885853141685474, "lwma_1_spline_smoothing_factor": 0.9465057932734832, "lwma_2_spline_smoothing_factor": 1.3566860382941512, "lwma_3_spline_smoothing_factor": 0.16830296671896433, "oc_avg_gradient_spline_smoothing_factor": 0.3436157293882276, "volume_spline_smoothing_factor": 0.586674210338833, "volatility_spline_smoothing_factor": 1.2389122779858475}, "amplification_factor": {"volume_amplification_factor": 1.85164296794103, "volatility_amplification_factor": 1.5420236027691445}, "weights": {"rsi_1_spline_weight": 2.201750795211471, "rsi_2_spline_weight": 5.367283725448523, "rsi_3_spline_weight": 1.826278613276178, "sma_1_spline_weight": 0.11777708373121873, "sma_2_spline_weight": 0.7313188635641619, "sma_3_spline_weight": 6.361268331465804, "ema_1_spline_weight": 7.528914706426178, "ema_2_spline_weight": 5.962822152133232, "ema_3_spline_weight": 4.033978574819465, "lwma_1_spline_weight": 7.752223714147096, "lwma_2_spline_weight": 4.9226276158101365, "lwma_3_spline_weight": 2.9786075475800846, "oc_avg_gradient_spline_weight": 4.289113721313738}, "lwma_max_weights": {"lwma_1_max_weight": 79.11659095812735, "lwma_2_max_weight": 93.80399844958092, "lwma_3_max_weight": 14.148913876285395}, "major_spline_standard_upper_thresholds": {"major_spline_standard_upper_threshold": 0.4432343544401961}, "major_spline_standard_lower_thresholds": {"major_spline_standard_lower_threshold": -0.5121400260793333}}