{"indicators_count": {"rsi": 2, "sma": 2, "ema": 4, "lwma": 0, "cci": 3, "eom": 2, "oc_gradient": 1}, "spline_property": {"weights": {"rsi_0": 4.961914280251473, "rsi_1": 7.540965410520222, "sma_0": 8.797284996496892, "sma_1": 3.0859740718827715, "ema_0": 1.077453256280727, "ema_1": 5.542958068005131, "ema_2": 5.743302288356196, "ema_3": 2.154191460450976, "cci_0": 9.038395370529651, "cci_1": 7.698128514317061, "cci_2": 6.842317694387463, "eom_0": 1.7260178771080326, "eom_1": 6.423604848760625, "oc_gradient_0": 6.926043414843973}, "smoothing_factors": {"rsi_0": 0.9507306697088252, "rsi_1": 1.670217887950665, "sma_0": 1.3379982538829467, "sma_1": 1.9262791533026289, "ema_0": 1.6934978572261523, "ema_1": 1.8194037209676233, "ema_2": 1.0909988409111275, "ema_3": 0.6433259978063339, "cci_0": 1.7065838891378888, "cci_1": 0.3046529242569058, "cci_2": 0.7638860394871623, "eom_0": 1.10456806472056, "eom_1": 1.9626367821218198, "oc_gradient_0": 1.8352617492294119, "volume_0": 0.9209312785090189, "volatility_0": 0.9879673097768582}, "amplification_factor": {"volume_0": 1.1499980449301557, "volatility_0": 1.5287745529993075}, "flip": {"rsi_0": false, "rsi_1": false, "sma_0": true, "sma_1": false, "ema_0": false, "ema_1": true, "ema_2": false, "ema_3": false, "cci_0": false, "cci_1": false, "cci_2": false, "eom_0": false, "eom_1": false, "oc_gradient_0": true, "volume_0": false, "volatility_0": false}, "major_spline_standard_upper_thresholds": 0.44893787674217916, "major_spline_standard_lower_thresholds": -0.3222035396852395}, "indicator_properties": {"timeframes": {"rsi_0": 72, "rsi_1": 40, "sma_0_1": 82, "sma_0_2": 206, "sma_1_1": 45, "sma_1_2": 213, "ema_0_1": 50, "ema_0_2": 248, "ema_1_1": 57, "ema_1_2": 179, "ema_2_1": 7, "ema_2_2": 188, "ema_3_1": 22, "ema_3_2": 225, "cci_0": 100, "cci_1": 52, "cci_2": 245, "eom_0": 130, "eom_1": 116, "volatility_0": 245, "threshold_timeframe": 20}, "rsi_standard_upper_thresholds": {"rsi_0": 69, "rsi_1": 78}, "rsi_standard_lower_thresholds": {"rsi_0": 32, "rsi_1": 49}}}