{"indicators_count": {"rsi": 2, "sma": 2, "ema": 4, "lwma": 0, "cci": 3, "eom": 2, "oc_gradient": 1}, "spline_property": {"weights": {"rsi_0": 6.352932418676311, "rsi_1": 8.365431146987738, "sma_0": 9.034498211246635, "sma_1": 5.8699919793196385, "ema_0": 3.660133988284404, "ema_1": 4.2043915581974565, "ema_2": 8.058213747972424, "ema_3": 2.1328390727331725, "cci_0": 4.082335302946783, "cci_1": 3.0904437393858686, "cci_2": 3.316187412421163, "eom_0": 7.326820174007707, "eom_1": 2.9398729122831657, "oc_gradient_0": 5.986652732524234}, "smoothing_factors": {"rsi_0": 0, "rsi_1": 1.6996696529154807, "sma_0": 0.10981174165450103, "sma_1": 0.6692917174812043, "ema_0": 1.406768909363545, "ema_1": 0, "ema_2": 0.9657382404203008, "ema_3": 1.3274799814047822, "cci_0": 0.5341110456265525, "cci_1": 2.107647759633648, "cci_2": 1.8065787549386376, "eom_0": 1.923983880646634, "eom_1": 0.19214620996841636, "oc_gradient_0": 1.2610626770574087, "volume_0": 0.504864207414669, "volatility_0": 1.498204104189639}, "amplification_factor": {"volume_0": 0.49640625900592183, "volatility_0": 1.9246168521210385}, "flip": {"rsi_0": false, "rsi_1": false, "sma_0": false, "sma_1": false, "ema_0": true, "ema_1": true, "ema_2": true, "ema_3": false, "cci_0": false, "cci_1": false, "cci_2": true, "eom_0": false, "eom_1": true, "oc_gradient_0": false, "volume_0": false, "volatility_0": false}, "major_spline_standard_upper_thresholds": 0.6, "major_spline_standard_lower_thresholds": -0.4117211485923723}, "indicator_properties": {"timeframes": {"rsi_0": 53, "rsi_1": 49, "sma_0_1": 22, "sma_0_2": 168, "sma_1_1": 45, "sma_1_2": 154, "ema_0_1": 87, "ema_0_2": 150, "ema_1_1": 37, "ema_1_2": 236, "ema_2_1": 68, "ema_2_2": 174, "ema_3_1": 33, "ema_3_2": 224, "cci_0": 186, "cci_1": 43, "cci_2": 199, "eom_0": 77, "eom_1": 177, "volatility_0": 242, "threshold_timeframe": 4}, "rsi_standard_upper_thresholds": {"rsi_0": 58, "rsi_1": 53}, "rsi_standard_lower_thresholds": {"rsi_0": 49, "rsi_1": 33}}}