{"indicators_count": {"rsi": 2, "sma": 2, "ema": 4, "lwma": 0, "cci": 3, "eom": 2, "oc_gradient": 1}, "spline_property": {"weights": {"rsi_0": 3.5055103512290664, "rsi_1": 4.94985296069443, "sma_0": 7.501785566818176, "sma_1": 0.5649237355117542, "ema_0": 2.4132806620853215, "ema_1": 6.887015672994261, "ema_2": 1.3614423363692918, "ema_3": 2.6800839777508467, "cci_0": 5.601904255302262, "cci_1": 1.1628816336949643, "cci_2": 1.6645270788596078, "eom_0": 3.8976670730217378, "eom_1": 6.674247238599811, "oc_gradient_0": 5.642929138795239}, "smoothing_factors": {"rsi_0": 0.7980841301429524, "rsi_1": 0.18066289943335367, "sma_0": 1.4720377627952388, "sma_1": 0.7516975973932023, "ema_0": 1.9014576372804748, "ema_1": 1.558420753026737, "ema_2": 1.8750796460408647, "ema_3": 0.5340801654162342, "cci_0": 0.9321427507302427, "cci_1": 1.2829148047982823, "cci_2": 0.13039821925775252, "eom_0": 1.0644802495085164, "eom_1": 0.4272788373958043, "oc_gradient_0": 0, "volume_0": 1.9074960347807606, "volatility_0": 1.1169738724897846}, "amplification_factor": {"volume_0": 2.033445846755802, "volatility_0": 1.5836149612050316}, "flip": {"rsi_0": false, "rsi_1": false, "sma_0": false, "sma_1": false, "ema_0": true, "ema_1": false, "ema_2": false, "ema_3": false, "cci_0": false, "cci_1": false, "cci_2": false, "eom_0": false, "eom_1": false, "oc_gradient_0": true, "volume_0": false, "volatility_0": false}, "major_spline_standard_upper_thresholds": 0.4130764090991379, "major_spline_standard_lower_thresholds": -0.5322597397555077}, "indicator_properties": {"timeframes": {"rsi_0": 123, "rsi_1": 13, "sma_0_1": 62, "sma_0_2": 249, "sma_1_1": 70, "sma_1_2": 188, "ema_0_1": 100, "ema_0_2": 244, "ema_1_1": 68, "ema_1_2": 180, "ema_2_1": 2, "ema_2_2": 212, "ema_3_1": 71, "ema_3_2": 178, "cci_0": 156, "cci_1": 7, "cci_2": 24, "eom_0": 144, "eom_1": 243, "volatility_0": 174, "threshold_timeframe": 20}, "rsi_standard_upper_thresholds": {"rsi_0": 90, "rsi_1": 75}, "rsi_standard_lower_thresholds": {"rsi_0": 39, "rsi_1": 39}}}