{"timeframes": {"rsi_1_timeframe": 12, "rsi_2_timeframe": 19, "rsi_3_timeframe": 44, "sma_1_timeframe_1": 6, "sma_2_timeframe_1": 83, "sma_3_timeframe_1": 80, "sma_1_timeframe_2": 54, "sma_2_timeframe_2": 90, "sma_3_timeframe_2": 13, "ema_1_timeframe_1": 75, "ema_2_timeframe_1": 20, "ema_3_timeframe_1": 2, "ema_1_timeframe_2": 89, "ema_2_timeframe_2": 70, "ema_3_timeframe_2": 13, "lwma_1_timeframe": 33, "lwma_2_timeframe": 70, "lwma_3_timeframe": 49, "volatility_timeframe": 14}, "rsi_standard_upper_thresholds": {"rsi_1_standard_upper_threshold": 54, "rsi_2_standard_upper_threshold": 79, "rsi_3_standard_upper_threshold": 84}, "rsi_standard_lower_thresholds": {"rsi_1_standard_lower_threshold": 38, "rsi_2_standard_lower_threshold": 25, "rsi_3_standard_lower_threshold": 31}, "smoothing_factors": {"rsi_1_spline_smoothing_factor": 0.21968135724575277, "rsi_2_spline_smoothing_factor": 1.6599136842957356, "rsi_3_spline_smoothing_factor": 1.5609636041364474, "sma_1_spline_smoothing_factor": 0.8838789057084218, "sma_2_spline_smoothing_factor": 0.9210899873484863, "sma_3_spline_smoothing_factor": 1.2721532893232494, "ema_1_spline_smoothing_factor": 1.5054770481747908, "ema_2_spline_smoothing_factor": 1.0006205857682386, "ema_3_spline_smoothing_factor": 2.542808678525314, "lwma_1_spline_smoothing_factor": 1.8140947196217365, "lwma_2_spline_smoothing_factor": 1.802349558821774, "lwma_3_spline_smoothing_factor": 0.2165929865191143, "oc_avg_gradient_spline_smoothing_factor": 2.319557499063751, "volume_spline_smoothing_factor": 1.0689761453320497, "volatility_spline_smoothing_factor": 1.0383136407304008}, "amplification_factor": {"volume_amplification_factor": 0.8244492321268391, "volatility_amplification_factor": 0.9188745309427715}, "weights": {"rsi_1_spline_weight": 8.437343773014337, "rsi_2_spline_weight": 7.971717976312349, "rsi_3_spline_weight": 5.763163068436807, "sma_1_spline_weight": 0.33750541000185813, "sma_2_spline_weight": 3.4929803629019562, "sma_3_spline_weight": 4.325200902853737, "ema_1_spline_weight": 4.088056602007234, "ema_2_spline_weight": 5.0554777536573, "ema_3_spline_weight": 5.79180361373512, "lwma_1_spline_weight": 4.074707337011559, "lwma_2_spline_weight": 5.0554777536573, "lwma_3_spline_weight": 5.784329203948554, "oc_avg_gradient_spline_weight": 2.635513601040404}, "lwma_max_weights": {"lwma_1_max_weight": 53.664523781445965, "lwma_2_max_weight": 10.501629530949367, "lwma_3_max_weight": 59.3878406921384}, "major_spline_standard_upper_thresholds": {"major_spline_standard_upper_threshold": 0.4089414123254038}, "major_spline_standard_lower_thresholds": {"major_spline_standard_lower_threshold": -0.4548733478120941}}