{"indicators_count": {"rsi": 2, "sma": 2, "ema": 2, "lwma": 0, "cci": 2, "eom": 2, "oc_gradient": 1}, "spline_property": {"weights": {"rsi_0": 3.454956224214265, "rsi_1": 5.436800442686077, "sma_0": 6.878499689960123, "sma_1": 0.5509226810415513, "ema_0": 9.753333839790745, "ema_1": 3.6759397294104366, "cci_0": 4.246940133101599, "cci_1": 2.1375398707105764, "eom_0": 5.729451532492561, "eom_1": 6.004845679572393, "oc_gradient_0": 4.677027527298223}, "smoothing_factors": {"rsi_0": 1.0604808101522698, "rsi_1": 1.8580573227446444, "sma_0": 1.3131545385073302, "sma_1": 0.39267393851458654, "ema_0": 0.029139205074940167, "ema_1": 1.7499090715056012, "cci_0": 2.036874011682471, "cci_1": 0.11697671187084091, "eom_0": 0.006765030490872848, "eom_1": 1.1258099224322002, "oc_gradient_0": 0.7170447286716486, "volume_0": 1.1961482353528416, "volatility_0": 0.06198538629228678}, "amplification_factor": {"volume_0": 1.8509511577787605, "volatility_0": 0.6491073336307974}, "flip": {"rsi_0": false, "rsi_1": true, "sma_0": true, "sma_1": false, "ema_0": false, "ema_1": true, "cci_0": true, "cci_1": true, "eom_0": false, "eom_1": false, "oc_gradient_0": true, "volume_0": false, "volatility_0": false}, "major_spline_standard_upper_thresholds": 0.3392883767221703, "major_spline_standard_lower_thresholds": -0.3104456721409024}, "indicator_properties": {"timeframes": {"rsi_0": 75, "rsi_1": 4, "sma_0_1": 32, "sma_0_2": 64, "sma_1_1": 7, "sma_1_2": 50, "ema_0_1": 93, "ema_0_2": 80, "ema_1_1": 62, "ema_1_2": 16, "cci_0": 46, "cci_1": 11, "eom_0": 44, "eom_1": 57, "volatility_0": 58}, "rsi_standard_upper_thresholds": {"rsi_0": 63, "rsi_1": 82}, "rsi_standard_lower_thresholds": {"rsi_0": 35, "rsi_1": 19}}}