{"indicators_count": {"rsi": 2, "sma": 2, "ema": 4, "lwma": 0, "cci": 3, "eom": 2, "oc_gradient": 1}, "spline_property": {"weights": {"rsi_0": 1.6791196290500516, "rsi_1": 7.67061353847995, "sma_0": 5.181375074380035, "sma_1": 7.5385254833653645, "ema_0": 2.312513791364256, "ema_1": 2.3605844643602136, "ema_2": 6.737088537293047, "ema_3": 3.6969269293929052, "cci_0": 9.455552501583556, "cci_1": 6.323836596668291, "cci_2": 9.865346261342767, "eom_0": 6.0369816348799805, "eom_1": 2.841715549260381, "oc_gradient_0": 8.962163477642719}, "smoothing_factors": {"rsi_0": 1.991848708170797, "rsi_1": 1.7225523261759392, "sma_0": 1.4953572557272594, "sma_1": 0.06748454276207716, "ema_0": 0.00440005632480478, "ema_1": 1.2133444353848857, "ema_2": 1.5887161919858956, "ema_3": 0, "cci_0": 1.4676820602891187, "cci_1": 0.13849358938722656, "cci_2": 0.21249242118363587, "eom_0": 0.9189132040688031, "eom_1": 0.43826528178918167, "oc_gradient_0": 0.7788947425806694, "volume_0": 0.6247017924906788, "volatility_0": 1.3824576281397478}, "amplification_factor": {"volume_0": 1.6697795528544064, "volatility_0": 1.718448179564757}, "flip": {"rsi_0": false, "rsi_1": false, "sma_0": true, "sma_1": false, "ema_0": false, "ema_1": false, "ema_2": false, "ema_3": false, "cci_0": false, "cci_1": false, "cci_2": false, "eom_0": false, "eom_1": false, "oc_gradient_0": false, "volume_0": false, "volatility_0": false}, "major_spline_standard_upper_thresholds": 0.4727484186465414, "major_spline_standard_lower_thresholds": -0.43462170368882647}, "indicator_properties": {"timeframes": {"rsi_0": 34, "rsi_1": 204, "sma_0_1": 11, "sma_0_2": 172, "sma_1_1": 27, "sma_1_2": 180, "ema_0_1": 45, "ema_0_2": 225, "ema_1_1": 86, "ema_1_2": 213, "ema_2_1": 89, "ema_2_2": 192, "ema_3_1": 55, "ema_3_2": 232, "cci_0": 89, "cci_1": 48, "cci_2": 52, "eom_0": 233, "eom_1": 142, "volatility_0": 152, "threshold_timeframe": 20}, "rsi_standard_upper_thresholds": {"rsi_0": 72, "rsi_1": 74}, "rsi_standard_lower_thresholds": {"rsi_0": 32, "rsi_1": 25}}}